source_url,type,filename,extension,used_on,dimensions,approximate_size,alt_text,migration_priority,notes
"https://www.colegioconquistadores.com/wp-content/uploads/2023/03/1.png","image","1.png","png","/2023/03/03/una-calida-bienvenida/; /actividades/","1920x864","1.4 MB","Una cálida bienvenida","media","Muy pesado (>1 MB). Candidato a WebP/AVIF."
"https://www.colegioconquistadores.com/wp-content/uploads/2023/10/Academia-Baile.jpg","image","Academia-Baile.jpg","jpg","/academias/","461x461","66 KB","","media","Falta texto alternativo."
"https://www.colegioconquistadores.com/wp-content/uploads/2023/10/Academia-Conquistarte.jpg","image","Academia-Conquistarte.jpg","jpg","/academias/","400x400","36 KB","","media","Falta texto alternativo."
"https://www.colegioconquistadores.com/wp-content/uploads/2023/10/Academia-Futbol.jpg","image","Academia-Futbol.jpg","jpg","/academias/","400x400","58 KB","","media","Falta texto alternativo."
"https://www.colegioconquistadores.com/wp-content/uploads/2023/10/Academia-Teatro.jpg","image","Academia-Teatro.jpg","jpg","/academias/","771x771","170 KB","","media","Falta texto alternativo."
"https://www.colegioconquistadores.com/wp-content/uploads/2023/10/Arturo_Gallegillos_Sostenedor-150x150-1.png","image","Arturo_Gallegillos_Sostenedor-150x150-1.png","png","/personal/","150x150","36 KB","","media","Falta texto alternativo."
"https://www.colegioconquistadores.com/wp-content/uploads/2023/10/Carla_Flores_asistente_aula_4%C2%B0basico-150x150-1.png","image","Carla_Flores_asistente_aula_4°basico-150x150-1.png","png","/personal/","150x150","31 KB","","media","Falta texto alternativo."
"https://www.colegioconquistadores.com/wp-content/uploads/2023/10/cropped-Logo-1-180x180.png","image","cropped-Logo-1-180x180.png","png","plantilla global (68 URLs)","180x180","29 KB","","alta","Falta texto alternativo. Variante derivada; consolidar original y tamaños responsivos. Reutilizado globalmente."
"https://www.colegioconquistadores.com/wp-content/uploads/2023/10/cropped-Logo-1-192x192.png","image","cropped-Logo-1-192x192.png","png","plantilla global (68 URLs)","192x192","32 KB","","alta","Falta texto alternativo. Variante derivada; consolidar original y tamaños responsivos. Reutilizado globalmente."
"https://www.colegioconquistadores.com/wp-content/uploads/2023/10/cropped-Logo-1-270x270.png","image","cropped-Logo-1-270x270.png","png","plantilla global (68 URLs)","270x270","54 KB","","alta","Falta texto alternativo. Variante derivada; consolidar original y tamaños responsivos. Reutilizado globalmente."
"https://www.colegioconquistadores.com/wp-content/uploads/2023/10/cropped-Logo-1-32x32.png","image","cropped-Logo-1-32x32.png","png","plantilla global (68 URLs)","32x32","2 KB","","alta","Falta texto alternativo. Variante derivada; consolidar original y tamaños responsivos. Reutilizado globalmente."
"https://www.colegioconquistadores.com/wp-content/uploads/2023/10/Elsa_Diaz_profesora_jefe_2%C2%B0basico-150x150-1.png","image","Elsa_Diaz_profesora_jefe_2°basico-150x150-1.png","png","/personal/","150x150","32 KB","","media","Falta texto alternativo."
"https://www.colegioconquistadores.com/wp-content/uploads/2023/10/Francisca_Moroso_UTP_colegioconquistadores-150x150-1.png","image","Francisca_Moroso_UTP_colegioconquistadores-150x150-1.png","png","/personal/","150x150","34 KB","","media","Falta texto alternativo."
"https://www.colegioconquistadores.com/wp-content/uploads/2023/10/IMG_20230414_124050.jpg","image","IMG_20230414_124050.jpg","jpg","/2023/04/06/actividad-pascua-2/; /actividades/","4000x1800","2.2 MB","Actividad Pascua","media","Muy pesado (>1 MB). Candidato a WebP/AVIF."
"https://www.colegioconquistadores.com/wp-content/uploads/2023/10/Jorge_Rodriguez.png","image","Jorge_Rodriguez.png","png","/personal/","150x150","37 KB","","media","Falta texto alternativo."
"https://www.colegioconquistadores.com/wp-content/uploads/2023/10/Josefa_Fernandois.png","image","Josefa_Fernandois.png","png","/personal/","150x150","43 KB","","media","Falta texto alternativo."
"https://www.colegioconquistadores.com/wp-content/uploads/2023/10/Joselyn_gonzalez.png","image","Joselyn_gonzalez.png","png","/personal/","150x150","38 KB","","media","Falta texto alternativo."
"https://www.colegioconquistadores.com/wp-content/uploads/2023/10/Katherine_Fuenzalida_profesora_jefe_1%C2%B0basicowebp-150x150-1.png","image","Katherine_Fuenzalida_profesora_jefe_1°basicowebp-150x150-1.png","png","/personal/","150x150","40 KB","","media","Falta texto alternativo."
"https://www.colegioconquistadores.com/wp-content/uploads/2023/10/Logo-1.png","image","Logo-1.png","png","plantilla global (68 URLs)","1070x1161","509 KB","","alta","Falta texto alternativo. Pesado (>500 KB). Candidato a WebP/AVIF. Reutilizado globalmente."
"https://www.colegioconquistadores.com/wp-content/uploads/2023/10/Magda_Aranda_Profesora_jefe_4%C2%B0basico-150x150-1.png","image","Magda_Aranda_Profesora_jefe_4°basico-150x150-1.png","png","/personal/","150x150","36 KB","","media","Falta texto alternativo."
"https://www.colegioconquistadores.com/wp-content/uploads/2023/10/mundo_de_saberes-1-1536x691-1.jpg","image","mundo_de_saberes-1-1536x691-1.jpg","jpg","/talleres/","691x691","90 KB","","media","Falta texto alternativo."
"https://www.colegioconquistadores.com/wp-content/uploads/2023/10/Nicole_Rojas_Villegas-removebg-preview-modified-150x150-1.png","image","Nicole_Rojas_Villegas-removebg-preview-modified-150x150-1.png","png","/personal/","150x150","35 KB","","media","Falta texto alternativo."
"https://www.colegioconquistadores.com/wp-content/uploads/2023/10/Paola_Contreras_prof_jefe_3_basico_conquistadores2.png","image","Paola_Contreras_prof_jefe_3_basico_conquistadores2.png","png","/personal/","150x150","36 KB","","media","Falta texto alternativo."
"https://www.colegioconquistadores.com/wp-content/uploads/2023/10/Paola-Barraza.png","image","Paola-Barraza.png","png","/personal/","150x150","39 KB","","media","Falta texto alternativo."
"https://www.colegioconquistadores.com/wp-content/uploads/2023/10/Paulina_casanga.png","image","Paulina_casanga.png","png","/personal/","150x150","40 KB","","media","Falta texto alternativo."
"https://www.colegioconquistadores.com/wp-content/uploads/2023/10/Rodrigo_Araya_-_Musica.png","image","Rodrigo_Araya_-_Musica.png","png","/personal/","150x150","42 KB","","media","Falta texto alternativo."
"https://www.colegioconquistadores.com/wp-content/uploads/2023/10/sergio_caro.png","image","sergio_caro.png","png","/personal/","150x150","39 KB","","media","Falta texto alternativo."
"https://www.colegioconquistadores.com/wp-content/uploads/2023/10/Sivianne-Cabello.png","image","Sivianne-Cabello.png","png","/personal/","150x150","36 KB","","media","Falta texto alternativo."
"https://www.colegioconquistadores.com/wp-content/uploads/2023/10/Sofia_Navarrete_asistente_aula_3%C2%B0basico-150x150-1.png","image","Sofia_Navarrete_asistente_aula_3°basico-150x150-1.png","png","/personal/","150x150","36 KB","","media","Falta texto alternativo."
"https://www.colegioconquistadores.com/wp-content/uploads/2023/10/taller_motricidad-1024x461-1.jpg","image","taller_motricidad-1024x461-1.jpg","jpg","/talleres/","461x461","88 KB","","media","Falta texto alternativo."
"https://www.colegioconquistadores.com/wp-content/uploads/2023/10/taller_musica-1024x461-1.jpg","image","taller_musica-1024x461-1.jpg","jpg","/talleres/","461x461","60 KB","","media","Falta texto alternativo."
"https://www.colegioconquistadores.com/wp-content/uploads/2023/11/telefono.png","image","telefono.png","png","/","64x64","4 KB","","media","Falta texto alternativo."
"https://www.colegioconquistadores.com/wp-content/uploads/2023/12/Compra-materiales.pdf","document","Compra-materiales.pdf","pdf","/matriculas-2025/; /matriculas-2026/","unknown","132 KB","","alta","Conservar URL pública o configurar redirección 301 exacta."
"https://www.colegioconquistadores.com/wp-content/uploads/2023/12/EXTRACTO-REGLAMENTO-DE-CONVIVENCIA-ESCOLAR-COLEGIO-CONQUISTADORES-2024.pdf","document","EXTRACTO-REGLAMENTO-DE-CONVIVENCIA-ESCOLAR-COLEGIO-CONQUISTADORES-2024.pdf","pdf","/matriculas-2025/","unknown","192 KB","","alta","Conservar URL pública o configurar redirección 301 exacta."
"https://www.colegioconquistadores.com/wp-content/uploads/2023/12/PLAN-INTEGRAL-DE-SEGURIDAD-ESCOLAR-COLEGIO-CONQUISTADORES-2024.pdf","document","PLAN-INTEGRAL-DE-SEGURIDAD-ESCOLAR-COLEGIO-CONQUISTADORES-2024.pdf","pdf","plantilla global (68 URLs)","unknown","1.4 MB","","alta","Conservar URL pública o configurar redirección 301 exacta. Muy pesado (>1 MB). Reutilizado globalmente."
"https://www.colegioconquistadores.com/wp-content/uploads/2023/12/PROTOCOLO-ENFERMERIA-COLEGIO-CONQUISTADORES-2024.pdf","document","PROTOCOLO-ENFERMERIA-COLEGIO-CONQUISTADORES-2024.pdf","pdf","/documentos/; /protocolos-internos/","unknown","147 KB","","alta","Conservar URL pública o configurar redirección 301 exacta."
"https://www.colegioconquistadores.com/wp-content/uploads/2023/12/PROTOCOLO-RELACIONES-SENTIMENTALES-COLEGIO-CONQUISTADORES-2024.pdf","document","PROTOCOLO-RELACIONES-SENTIMENTALES-COLEGIO-CONQUISTADORES-2024.pdf","pdf","/documentos/; /protocolos-internos/","unknown","143 KB","","alta","Conservar URL pública o configurar redirección 301 exacta."
"https://www.colegioconquistadores.com/wp-content/uploads/2024/01/CALENDARIO-ACADEMICO-2024.pdf","document","CALENDARIO-ACADEMICO-2024.pdf","pdf","/documentos/","unknown","206 KB","","alta","Conservar URL pública o configurar redirección 301 exacta."
"https://www.colegioconquistadores.com/wp-content/uploads/2024/01/ESTRATEGIAS-DE-PREVENCION-Y-PROTOCOLO-DE-ACTUACION-FRENTE-A-SITUACIONES-DE-MALTRATO-COLEGIO-CONQUISTADORES-2024.pdf","document","ESTRATEGIAS-DE-PREVENCION-Y-PROTOCOLO-DE-ACTUACION-FRENTE-A-SITUACIONES-DE-MALTRATO-COLEGIO-CONQUISTADORES-2024.pdf","pdf","/documentos/; /protocolos-internos/","unknown","262 KB","","alta","Conservar URL pública o configurar redirección 301 exacta."
"https://www.colegioconquistadores.com/wp-content/uploads/2024/01/Helen_Gonzalez_profesora_de_lenguaje_apoyo_en_I_ciclo-150x150.png","image","Helen_Gonzalez_profesora_de_lenguaje_apoyo_en_I_ciclo-150x150.png","png","/personal/","150x150","36 KB","","media","Falta texto alternativo. Variante derivada; consolidar original y tamaños responsivos."
"https://www.colegioconquistadores.com/wp-content/uploads/2024/01/Helen_Gonzalez_profesora_de_lenguaje_apoyo_en_I_ciclo-300x300.png","image","Helen_Gonzalez_profesora_de_lenguaje_apoyo_en_I_ciclo-300x300.png","png","/personal/","300x300","112 KB","","media","Falta texto alternativo. Variante derivada; consolidar original y tamaños responsivos."
"https://www.colegioconquistadores.com/wp-content/uploads/2024/01/Helen_Gonzalez_profesora_de_lenguaje_apoyo_en_I_ciclo.png","image","Helen_Gonzalez_profesora_de_lenguaje_apoyo_en_I_ciclo.png","png","/personal/","433x433","65 KB","","media","Falta texto alternativo."
"https://www.colegioconquistadores.com/wp-content/uploads/2024/01/Karen_collao_Tec._educ._Diferencial-modified-removebg-preview-modified-150x150.png","image","Karen_collao_Tec._educ._Diferencial-modified-removebg-preview-modified-150x150.png","png","/personal/","150x150","33 KB","","media","Falta texto alternativo. Variante derivada; consolidar original y tamaños responsivos."
"https://www.colegioconquistadores.com/wp-content/uploads/2024/01/Karen_collao_Tec._educ._Diferencial-modified-removebg-preview-modified-300x300.png","image","Karen_collao_Tec._educ._Diferencial-modified-removebg-preview-modified-300x300.png","png","/personal/","300x300","104 KB","","media","Falta texto alternativo. Variante derivada; consolidar original y tamaños responsivos."
"https://www.colegioconquistadores.com/wp-content/uploads/2024/01/Karen_collao_Tec._educ._Diferencial-modified-removebg-preview-modified.png","image","Karen_collao_Tec._educ._Diferencial-modified-removebg-preview-modified.png","png","/personal/","497x497","73 KB","","media","Falta texto alternativo."
"https://www.colegioconquistadores.com/wp-content/uploads/2024/01/PROTOCOLO-DE-ACCIDENTES-ESCOLARES-COLEGIO-CONQUISTADORES-2024.pdf","document","PROTOCOLO-DE-ACCIDENTES-ESCOLARES-COLEGIO-CONQUISTADORES-2024.pdf","pdf","/documentos/; /protocolos-internos/","unknown","170 KB","","alta","Conservar URL pública o configurar redirección 301 exacta."
"https://www.colegioconquistadores.com/wp-content/uploads/2024/01/PROTOCOLO-DE-IDENTIDAD-DE-GENERO-COLEGIO-CONQUISTADORES-2024.pdf","document","PROTOCOLO-DE-IDENTIDAD-DE-GENERO-COLEGIO-CONQUISTADORES-2024.pdf","pdf","/documentos/; /protocolos-internos/","unknown","189 KB","","alta","Conservar URL pública o configurar redirección 301 exacta."
"https://www.colegioconquistadores.com/wp-content/uploads/2024/01/Roxana_Henriquez_tens_secretaria-removebg-preview-modified-150x150.png","image","Roxana_Henriquez_tens_secretaria-removebg-preview-modified-150x150.png","png","/personal/","150x150","39 KB","","media","Falta texto alternativo. Variante derivada; consolidar original y tamaños responsivos."
"https://www.colegioconquistadores.com/wp-content/uploads/2024/01/Roxana_Henriquez_tens_secretaria-removebg-preview-modified-300x300.png","image","Roxana_Henriquez_tens_secretaria-removebg-preview-modified-300x300.png","png","/personal/","300x300","138 KB","","media","Falta texto alternativo. Variante derivada; consolidar original y tamaños responsivos."
"https://www.colegioconquistadores.com/wp-content/uploads/2024/01/Roxana_Henriquez_tens_secretaria-removebg-preview-modified.png","image","Roxana_Henriquez_tens_secretaria-removebg-preview-modified.png","png","/personal/","434x434","80 KB","","media","Falta texto alternativo."
"https://www.colegioconquistadores.com/wp-content/uploads/2024/01/Silvia_sena-150x150.png","image","Silvia_sena-150x150.png","png","/personal/","150x150","38 KB","","media","Falta texto alternativo. Variante derivada; consolidar original y tamaños responsivos."
"https://www.colegioconquistadores.com/wp-content/uploads/2024/01/Silvia_sena-300x300.png","image","Silvia_sena-300x300.png","png","/personal/","300x300","128 KB","","media","Falta texto alternativo. Variante derivada; consolidar original y tamaños responsivos."
"https://www.colegioconquistadores.com/wp-content/uploads/2024/01/Silvia_sena.png","image","Silvia_sena.png","png","/personal/","432x432","72 KB","","media","Falta texto alternativo."
"https://www.colegioconquistadores.com/wp-content/uploads/2024/04/Aury-Feirlie-150x150.png","image","Aury-Feirlie-150x150.png","png","/personal/","150x150","39 KB","","media","Falta texto alternativo. Variante derivada; consolidar original y tamaños responsivos."
"https://www.colegioconquistadores.com/wp-content/uploads/2024/04/Aury-Feirlie-300x300.png","image","Aury-Feirlie-300x300.png","png","/personal/","300x300","125 KB","","media","Falta texto alternativo. Variante derivada; consolidar original y tamaños responsivos."
"https://www.colegioconquistadores.com/wp-content/uploads/2024/04/Aury-Feirlie.png","image","Aury-Feirlie.png","png","/personal/","433x433","70 KB","","media","Falta texto alternativo."
"https://www.colegioconquistadores.com/wp-content/uploads/2024/04/Iris-Rojas-150x150.png","image","Iris-Rojas-150x150.png","png","/personal/","150x150","36 KB","","media","Falta texto alternativo. Variante derivada; consolidar original y tamaños responsivos."
"https://www.colegioconquistadores.com/wp-content/uploads/2024/04/Iris-Rojas-300x300.png","image","Iris-Rojas-300x300.png","png","/personal/","300x300","109 KB","","media","Falta texto alternativo. Variante derivada; consolidar original y tamaños responsivos."
"https://www.colegioconquistadores.com/wp-content/uploads/2024/04/Iris-Rojas.png","image","Iris-Rojas.png","png","/personal/","429x429","58 KB","","media","Falta texto alternativo."
"https://www.colegioconquistadores.com/wp-content/uploads/2024/04/Juan-Pablo-Castillo-150x150.png","image","Juan-Pablo-Castillo-150x150.png","png","/personal/","150x150","38 KB","","media","Falta texto alternativo. Variante derivada; consolidar original y tamaños responsivos."
"https://www.colegioconquistadores.com/wp-content/uploads/2024/04/Juan-Pablo-Castillo-300x300.png","image","Juan-Pablo-Castillo-300x300.png","png","/personal/","300x300","117 KB","","media","Falta texto alternativo. Variante derivada; consolidar original y tamaños responsivos."
"https://www.colegioconquistadores.com/wp-content/uploads/2024/04/Juan-Pablo-Castillo.png","image","Juan-Pablo-Castillo.png","png","/personal/","500x500","80 KB","","media","Falta texto alternativo."
"https://www.colegioconquistadores.com/wp-content/uploads/2024/04/Karina-Araya-150x150.png","image","Karina-Araya-150x150.png","png","/personal/","150x150","37 KB","","media","Falta texto alternativo. Variante derivada; consolidar original y tamaños responsivos."
"https://www.colegioconquistadores.com/wp-content/uploads/2024/04/Karina-Araya-300x300.png","image","Karina-Araya-300x300.png","png","/personal/","300x300","117 KB","","media","Falta texto alternativo. Variante derivada; consolidar original y tamaños responsivos."
"https://www.colegioconquistadores.com/wp-content/uploads/2024/04/Karina-Araya.png","image","Karina-Araya.png","png","/personal/","375x375","56 KB","","media","Falta texto alternativo."
"https://www.colegioconquistadores.com/wp-content/uploads/2024/04/Marcel-Vasquez-150x150.png","image","Marcel-Vasquez-150x150.png","png","/personal/","150x150","34 KB","","media","Falta texto alternativo. Variante derivada; consolidar original y tamaños responsivos."
"https://www.colegioconquistadores.com/wp-content/uploads/2024/04/Marcel-Vasquez-300x300.png","image","Marcel-Vasquez-300x300.png","png","/personal/","300x300","109 KB","","media","Falta texto alternativo. Variante derivada; consolidar original y tamaños responsivos."
"https://www.colegioconquistadores.com/wp-content/uploads/2024/04/Marcel-Vasquez.png","image","Marcel-Vasquez.png","png","/personal/","500x500","75 KB","","media","Falta texto alternativo."
"https://www.colegioconquistadores.com/wp-content/uploads/2024/04/Omar-Rivera-150x150.png","image","Omar-Rivera-150x150.png","png","/personal/","150x150","41 KB","","media","Falta texto alternativo. Variante derivada; consolidar original y tamaños responsivos."
"https://www.colegioconquistadores.com/wp-content/uploads/2024/04/Omar-Rivera-300x300.png","image","Omar-Rivera-300x300.png","png","/personal/","300x300","138 KB","","media","Falta texto alternativo. Variante derivada; consolidar original y tamaños responsivos."
"https://www.colegioconquistadores.com/wp-content/uploads/2024/04/Omar-Rivera.png","image","Omar-Rivera.png","png","/personal/","500x500","97 KB","","media","Falta texto alternativo."
"https://www.colegioconquistadores.com/wp-content/uploads/2024/04/WhatsApp_Image_2024-04-16_at_17.48.15-removebg-preview-modified-150x150.png","image","WhatsApp_Image_2024-04-16_at_17.48.15-removebg-preview-modified-150x150.png","png","/personal/","150x150","31 KB","","media","Falta texto alternativo. Nombre poco descriptivo; renombrar solo con redirección. Variante derivada; consolidar original y tamaños responsivos."
"https://www.colegioconquistadores.com/wp-content/uploads/2024/04/WhatsApp_Image_2024-04-16_at_17.48.15-removebg-preview-modified-300x300.png","image","WhatsApp_Image_2024-04-16_at_17.48.15-removebg-preview-modified-300x300.png","png","/personal/","300x300","94 KB","","media","Falta texto alternativo. Nombre poco descriptivo; renombrar solo con redirección. Variante derivada; consolidar original y tamaños responsivos."
"https://www.colegioconquistadores.com/wp-content/uploads/2024/04/WhatsApp_Image_2024-04-16_at_17.48.15-removebg-preview-modified.png","image","WhatsApp_Image_2024-04-16_at_17.48.15-removebg-preview-modified.png","png","/personal/","433x433","52 KB","","media","Falta texto alternativo. Nombre poco descriptivo; renombrar solo con redirección."
"https://www.colegioconquistadores.com/wp-content/uploads/2024/04/WhatsApp_Image_2024-04-17_at_14.39.54-removebg-preview-modified-150x150.png","image","WhatsApp_Image_2024-04-17_at_14.39.54-removebg-preview-modified-150x150.png","png","/personal/","150x150","36 KB","","media","Falta texto alternativo. Nombre poco descriptivo; renombrar solo con redirección. Variante derivada; consolidar original y tamaños responsivos."
"https://www.colegioconquistadores.com/wp-content/uploads/2024/04/WhatsApp_Image_2024-04-17_at_14.39.54-removebg-preview-modified-300x300.png","image","WhatsApp_Image_2024-04-17_at_14.39.54-removebg-preview-modified-300x300.png","png","/personal/","300x300","111 KB","","media","Falta texto alternativo. Nombre poco descriptivo; renombrar solo con redirección. Variante derivada; consolidar original y tamaños responsivos."
"https://www.colegioconquistadores.com/wp-content/uploads/2024/04/WhatsApp_Image_2024-04-17_at_14.39.54-removebg-preview-modified.png","image","WhatsApp_Image_2024-04-17_at_14.39.54-removebg-preview-modified.png","png","/personal/","485x485","72 KB","","media","Falta texto alternativo. Nombre poco descriptivo; renombrar solo con redirección."
"https://www.colegioconquistadores.com/wp-content/uploads/2024/04/WhatsApp_Image_2024-04-17_at_20.28.04-removebg-preview-modified-150x150.png","image","WhatsApp_Image_2024-04-17_at_20.28.04-removebg-preview-modified-150x150.png","png","/personal/","150x150","34 KB","","media","Falta texto alternativo. Nombre poco descriptivo; renombrar solo con redirección. Variante derivada; consolidar original y tamaños responsivos."
"https://www.colegioconquistadores.com/wp-content/uploads/2024/04/WhatsApp_Image_2024-04-17_at_20.28.04-removebg-preview-modified-300x300.png","image","WhatsApp_Image_2024-04-17_at_20.28.04-removebg-preview-modified-300x300.png","png","/personal/","300x300","108 KB","","media","Falta texto alternativo. Nombre poco descriptivo; renombrar solo con redirección. Variante derivada; consolidar original y tamaños responsivos."
"https://www.colegioconquistadores.com/wp-content/uploads/2024/04/WhatsApp_Image_2024-04-17_at_20.28.04-removebg-preview-modified.png","image","WhatsApp_Image_2024-04-17_at_20.28.04-removebg-preview-modified.png","png","/personal/","373x373","49 KB","","media","Falta texto alternativo. Nombre poco descriptivo; renombrar solo con redirección."
"https://www.colegioconquistadores.com/wp-content/uploads/2024/04/WhatsApp_Image_2024-04-19_at_16.15.13-removebg-preview-modified-150x150.png","image","WhatsApp_Image_2024-04-19_at_16.15.13-removebg-preview-modified-150x150.png","png","/personal/","150x150","31 KB","","media","Falta texto alternativo. Nombre poco descriptivo; renombrar solo con redirección. Variante derivada; consolidar original y tamaños responsivos."
"https://www.colegioconquistadores.com/wp-content/uploads/2024/04/WhatsApp_Image_2024-04-19_at_16.15.13-removebg-preview-modified-300x300.png","image","WhatsApp_Image_2024-04-19_at_16.15.13-removebg-preview-modified-300x300.png","png","/personal/","300x300","93 KB","","media","Falta texto alternativo. Nombre poco descriptivo; renombrar solo con redirección. Variante derivada; consolidar original y tamaños responsivos."
"https://www.colegioconquistadores.com/wp-content/uploads/2024/04/WhatsApp_Image_2024-04-19_at_16.15.13-removebg-preview-modified.png","image","WhatsApp_Image_2024-04-19_at_16.15.13-removebg-preview-modified.png","png","/personal/","473x473","63 KB","","media","Falta texto alternativo. Nombre poco descriptivo; renombrar solo con redirección."
"https://www.colegioconquistadores.com/wp-content/uploads/2024/04/WhatsApp-Image-2024-04-22-at-16.54.48-3-1024x472.jpeg","image","WhatsApp-Image-2024-04-22-at-16.54.48-3-1024x472.jpeg","jpeg","/2024/04/13/visita-biblioteca-gabriela-mistral/","1024x472","166 KB","","media","Falta texto alternativo. Nombre poco descriptivo; renombrar solo con redirección. Variante derivada; consolidar original y tamaños responsivos."
"https://www.colegioconquistadores.com/wp-content/uploads/2024/04/WhatsApp-Image-2024-04-22-at-16.54.48-3.jpeg","image","WhatsApp-Image-2024-04-22-at-16.54.48-3.jpeg","jpeg","/2024/04/13/visita-biblioteca-gabriela-mistral/; /actividades/","1600x737","319 KB","Visita Biblioteca Gabriela Mistral","media","Nombre poco descriptivo; renombrar solo con redirección. Candidato a WebP/AVIF."
"https://www.colegioconquistadores.com/wp-content/uploads/2024/06/WhatsApp-Image-2024-05-27-at-20.10.52-1024x1024.jpeg","image","WhatsApp-Image-2024-05-27-at-20.10.52-1024x1024.jpeg","jpeg","/2024/05/17/english-day-conquistaloza/; /author/administrador/; /category/actividades-2024/","1024x1024","165 KB","","media","Falta texto alternativo. Nombre poco descriptivo; renombrar solo con redirección. Variante derivada; consolidar original y tamaños responsivos."
"https://www.colegioconquistadores.com/wp-content/uploads/2024/06/WhatsApp-Image-2024-05-27-at-20.10.52-150x150.jpeg","image","WhatsApp-Image-2024-05-27-at-20.10.52-150x150.jpeg","jpeg","/author/administrador/; /category/actividades-2024/","150x150","8 KB","","media","Falta texto alternativo. Nombre poco descriptivo; renombrar solo con redirección. Variante derivada; consolidar original y tamaños responsivos."
"https://www.colegioconquistadores.com/wp-content/uploads/2024/06/WhatsApp-Image-2024-05-27-at-20.10.52-300x300.jpeg","image","WhatsApp-Image-2024-05-27-at-20.10.52-300x300.jpeg","jpeg","/author/administrador/; /category/actividades-2024/","300x300","25 KB","","media","Falta texto alternativo. Nombre poco descriptivo; renombrar solo con redirección. Variante derivada; consolidar original y tamaños responsivos."
"https://www.colegioconquistadores.com/wp-content/uploads/2024/06/WhatsApp-Image-2024-05-27-at-20.10.52-768x768.jpeg","image","WhatsApp-Image-2024-05-27-at-20.10.52-768x768.jpeg","jpeg","/author/administrador/; /category/actividades-2024/","768x768","107 KB","","media","Falta texto alternativo. Nombre poco descriptivo; renombrar solo con redirección. Variante derivada; consolidar original y tamaños responsivos."
"https://www.colegioconquistadores.com/wp-content/uploads/2024/06/WhatsApp-Image-2024-05-27-at-20.10.52.jpeg","image","WhatsApp-Image-2024-05-27-at-20.10.52.jpeg","jpeg","/2024/05/17/english-day-conquistaloza/; /actividades/; /author/administrador/; /category/actividades-2024/","1080x1080","159 KB","English Day «Conquistaloza»","media","Nombre poco descriptivo; renombrar solo con redirección."
"https://www.colegioconquistadores.com/wp-content/uploads/2024/06/WhatsApp-Image-2024-05-27-at-20.36.54-1024x768.jpeg","image","WhatsApp-Image-2024-05-27-at-20.36.54-1024x768.jpeg","jpeg","/2024/05/10/dia-del-estudiante/","1024x768","138 KB","","media","Falta texto alternativo. Nombre poco descriptivo; renombrar solo con redirección. Variante derivada; consolidar original y tamaños responsivos."
"https://www.colegioconquistadores.com/wp-content/uploads/2024/06/WhatsApp-Image-2024-05-27-at-20.36.54.jpeg","image","WhatsApp-Image-2024-05-27-at-20.36.54.jpeg","jpeg","/2024/05/10/dia-del-estudiante/; /actividades/","1280x960","175 KB","Día del estudiante","media","Nombre poco descriptivo; renombrar solo con redirección."
"https://www.colegioconquistadores.com/wp-content/uploads/2024/06/WhatsApp-Image-2024-06-04-at-09.22.05-1-1024x771.jpeg","image","WhatsApp-Image-2024-06-04-at-09.22.05-1-1024x771.jpeg","jpeg","/2024/05/27/glorias-navales/; /author/administrador/; /category/actividades-2024/","1024x771","160 KB","","media","Falta texto alternativo. Nombre poco descriptivo; renombrar solo con redirección. Variante derivada; consolidar original y tamaños responsivos."
"https://www.colegioconquistadores.com/wp-content/uploads/2024/06/WhatsApp-Image-2024-06-04-at-09.22.05-1-1536x1156.jpeg","image","WhatsApp-Image-2024-06-04-at-09.22.05-1-1536x1156.jpeg","jpeg","/author/administrador/; /category/actividades-2024/","1536x1156","289 KB","","media","Falta texto alternativo. Nombre poco descriptivo; renombrar solo con redirección. Candidato a WebP/AVIF. Variante derivada; consolidar original y tamaños responsivos."
"https://www.colegioconquistadores.com/wp-content/uploads/2024/06/WhatsApp-Image-2024-06-04-at-09.22.05-1-300x226.jpeg","image","WhatsApp-Image-2024-06-04-at-09.22.05-1-300x226.jpeg","jpeg","/author/administrador/; /category/actividades-2024/","300x226","21 KB","","media","Falta texto alternativo. Nombre poco descriptivo; renombrar solo con redirección. Variante derivada; consolidar original y tamaños responsivos."
"https://www.colegioconquistadores.com/wp-content/uploads/2024/06/WhatsApp-Image-2024-06-04-at-09.22.05-1-768x578.jpeg","image","WhatsApp-Image-2024-06-04-at-09.22.05-1-768x578.jpeg","jpeg","/author/administrador/; /category/actividades-2024/","768x578","102 KB","","media","Falta texto alternativo. Nombre poco descriptivo; renombrar solo con redirección. Variante derivada; consolidar original y tamaños responsivos."
"https://www.colegioconquistadores.com/wp-content/uploads/2024/06/WhatsApp-Image-2024-06-04-at-09.22.05-1.jpeg","image","WhatsApp-Image-2024-06-04-at-09.22.05-1.jpeg","jpeg","/2024/05/27/glorias-navales/; /actividades/; /author/administrador/; /category/actividades-2024/","1600x1204","261 KB","Glorias Navales","media","Nombre poco descriptivo; renombrar solo con redirección. Candidato a WebP/AVIF."
"https://www.colegioconquistadores.com/wp-content/uploads/2024/07/PROTOCOLO-TALLERES-Y-ACADEMIAS-COLEGIO-CONQUISTADORES-2024.pdf","document","PROTOCOLO-TALLERES-Y-ACADEMIAS-COLEGIO-CONQUISTADORES-2024.pdf","pdf","/protocolos-internos/","unknown","255 KB","","alta","Conservar URL pública o configurar redirección 301 exacta."
"https://www.colegioconquistadores.com/wp-content/uploads/2024/08/Untitled-1024x576.png","image","Untitled-1024x576.png","png","/2024/08/30/visita-del-kinder-jardin-conquistadores/; /author/administrador/; /category/actividades-2024/","1024x576","780 KB","","media","Falta texto alternativo. Nombre poco descriptivo; renombrar solo con redirección. Pesado (>500 KB). Candidato a WebP/AVIF. Variante derivada; consolidar original y tamaños responsivos."
"https://www.colegioconquistadores.com/wp-content/uploads/2024/08/Untitled-1536x864.png","image","Untitled-1536x864.png","png","/author/administrador/; /category/actividades-2024/","1536x864","1.5 MB","","media","Falta texto alternativo. Nombre poco descriptivo; renombrar solo con redirección. Muy pesado (>1 MB). Candidato a WebP/AVIF. Variante derivada; consolidar original y tamaños responsivos."
"https://www.colegioconquistadores.com/wp-content/uploads/2024/08/Untitled-300x169.png","image","Untitled-300x169.png","png","/author/administrador/; /category/actividades-2024/","300x169","91 KB","","media","Falta texto alternativo. Nombre poco descriptivo; renombrar solo con redirección. Variante derivada; consolidar original y tamaños responsivos."
"https://www.colegioconquistadores.com/wp-content/uploads/2024/08/Untitled-768x432.png","image","Untitled-768x432.png","png","/author/administrador/; /category/actividades-2024/","768x432","475 KB","","media","Falta texto alternativo. Nombre poco descriptivo; renombrar solo con redirección. Candidato a WebP/AVIF. Variante derivada; consolidar original y tamaños responsivos."
"https://www.colegioconquistadores.com/wp-content/uploads/2024/08/Untitled.png","image","Untitled.png","png","plantilla global (50 URLs)","1919x1079","615 KB","Visita del Kínder &#8211; Jardín Conquistadores","alta","Nombre poco descriptivo; renombrar solo con redirección. Pesado (>500 KB). Candidato a WebP/AVIF. Reutilizado globalmente."
"https://www.colegioconquistadores.com/wp-content/uploads/2024/09/CARTA-LEY-TEA-COLEGIO-CONQUISTADORES.pdf","document","CARTA-LEY-TEA-COLEGIO-CONQUISTADORES.pdf","pdf","plantilla global (68 URLs)","unknown","410 KB","","alta","Conservar URL pública o configurar redirección 301 exacta. Reutilizado globalmente."
"https://www.colegioconquistadores.com/wp-content/uploads/2024/09/PROTOCOLO-JEANSDAY-COLEGIO-CONQUISTADORES-2024.pdf","document","PROTOCOLO-JEANSDAY-COLEGIO-CONQUISTADORES-2024.pdf","pdf","/protocolos-internos/","unknown","74 KB","","alta","Conservar URL pública o configurar redirección 301 exacta."
"https://www.colegioconquistadores.com/wp-content/uploads/2024/09/WhatsApp-Video-2024-09-05-at-11.41.41-AM.mp4","video","WhatsApp-Video-2024-09-05-at-11.41.41-AM.mp4","mp4","/2024/08/30/visita-del-kinder-jardin-conquistadores/; /author/administrador/; /category/actividades-2024/","1280x720","30.8 MB","","media","Nombre poco descriptivo; renombrar solo con redirección. Muy pesado (>1 MB)."
"https://www.colegioconquistadores.com/wp-content/uploads/2024/11/Aranceles-Colegio-Conquistadores-2025.pdf","document","Aranceles-Colegio-Conquistadores-2025.pdf","pdf","/matriculas-2025/","unknown","372 KB","","alta","Conservar URL pública o configurar redirección 301 exacta."
"https://www.colegioconquistadores.com/wp-content/uploads/2024/11/PEI-COLEGIO-CONQUISTADORES-2024-2025.pdf","document","PEI-COLEGIO-CONQUISTADORES-2024-2025.pdf","pdf","/matriculas-2025/","unknown","1.4 MB","","alta","Conservar URL pública o configurar redirección 301 exacta. Muy pesado (>1 MB)."
"https://www.colegioconquistadores.com/wp-content/uploads/2024/11/WhatsApp-Image-2024-10-05-at-1.15.11-PM-1460x1536.jpeg","image","WhatsApp-Image-2024-10-05-at-1.15.11-PM-1460x1536.jpeg","jpeg","/author/administrador/; /category/actividades-2024/","1460x1536","520 KB","","media","Falta texto alternativo. Nombre poco descriptivo; renombrar solo con redirección. Pesado (>500 KB). Candidato a WebP/AVIF. Variante derivada; consolidar original y tamaños responsivos."
"https://www.colegioconquistadores.com/wp-content/uploads/2024/11/WhatsApp-Image-2024-10-05-at-1.15.11-PM-1947x2048.jpeg","image","WhatsApp-Image-2024-10-05-at-1.15.11-PM-1947x2048.jpeg","jpeg","/author/administrador/; /category/actividades-2024/","1947x2048","833 KB","","media","Falta texto alternativo. Nombre poco descriptivo; renombrar solo con redirección. Pesado (>500 KB). Candidato a WebP/AVIF. Variante derivada; consolidar original y tamaños responsivos."
"https://www.colegioconquistadores.com/wp-content/uploads/2024/11/WhatsApp-Image-2024-10-05-at-1.15.11-PM-285x300.jpeg","image","WhatsApp-Image-2024-10-05-at-1.15.11-PM-285x300.jpeg","jpeg","/author/administrador/; /category/actividades-2024/","285x300","26 KB","","media","Falta texto alternativo. Nombre poco descriptivo; renombrar solo con redirección. Variante derivada; consolidar original y tamaños responsivos."
"https://www.colegioconquistadores.com/wp-content/uploads/2024/11/WhatsApp-Image-2024-10-05-at-1.15.11-PM-768x808.jpeg","image","WhatsApp-Image-2024-10-05-at-1.15.11-PM-768x808.jpeg","jpeg","/author/administrador/; /category/actividades-2024/","768x808","155 KB","","media","Falta texto alternativo. Nombre poco descriptivo; renombrar solo con redirección. Variante derivada; consolidar original y tamaños responsivos."
"https://www.colegioconquistadores.com/wp-content/uploads/2024/11/WhatsApp-Image-2024-10-05-at-1.15.11-PM-973x1024.jpeg","image","WhatsApp-Image-2024-10-05-at-1.15.11-PM-973x1024.jpeg","jpeg","/2024/10/04/campana-teleton-2024/; /author/administrador/; /category/actividades-2024/","973x1024","243 KB","","media","Falta texto alternativo. Nombre poco descriptivo; renombrar solo con redirección. Candidato a WebP/AVIF. Variante derivada; consolidar original y tamaños responsivos."
"https://www.colegioconquistadores.com/wp-content/uploads/2024/11/WhatsApp-Image-2024-10-05-at-1.15.11-PM-scaled.jpeg","image","WhatsApp-Image-2024-10-05-at-1.15.11-PM-scaled.jpeg","jpeg","plantilla global (49 URLs)","2433x2560","978 KB","Campaña Teletón 2024","alta","Nombre poco descriptivo; renombrar solo con redirección. Pesado (>500 KB). Candidato a WebP/AVIF. Reutilizado globalmente."
"https://www.colegioconquistadores.com/wp-content/uploads/2024/12/1%C2%B0-basico-lista-de-utiles-2025.pdf","document","1°-basico-lista-de-utiles-2025.pdf","pdf","/matriculas-2025/","unknown","116 KB","","alta","Conservar URL pública o configurar redirección 301 exacta."
"https://www.colegioconquistadores.com/wp-content/uploads/2024/12/2%C2%B0-basico-lista-de-utiles-2025.pdf","document","2°-basico-lista-de-utiles-2025.pdf","pdf","/matriculas-2025/","unknown","116 KB","","alta","Conservar URL pública o configurar redirección 301 exacta."
"https://www.colegioconquistadores.com/wp-content/uploads/2024/12/3%C2%B0-basico-lista-de-utiles-2025-1.pdf","document","3°-basico-lista-de-utiles-2025-1.pdf","pdf","/matriculas-2025/","unknown","116 KB","","alta","Conservar URL pública o configurar redirección 301 exacta."
"https://www.colegioconquistadores.com/wp-content/uploads/2024/12/4%C2%B0-basico-lista-de-utiles-2025.pdf","document","4°-basico-lista-de-utiles-2025.pdf","pdf","/matriculas-2025/","unknown","116 KB","","alta","Conservar URL pública o configurar redirección 301 exacta."
"https://www.colegioconquistadores.com/wp-content/uploads/2024/12/Contrato-prestacion-de-servicios-educacionales-COLEGIO-CONQUISTADORES-2025.pdf","document","Contrato-prestacion-de-servicios-educacionales-COLEGIO-CONQUISTADORES-2025.pdf","pdf","/matriculas-2025/","unknown","429 KB","","alta","Conservar URL pública o configurar redirección 301 exacta."
"https://www.colegioconquistadores.com/wp-content/uploads/2024/12/ficha-de-matricula-2025-PDF.pdf","document","ficha-de-matricula-2025-PDF.pdf","pdf","/matriculas-2025/; /matriculas-2026/","unknown","585 KB","","alta","Conservar URL pública o configurar redirección 301 exacta. Pesado (>500 KB)."
"https://www.colegioconquistadores.com/wp-content/uploads/2024/12/LISTA-DE-UTILES-ESCOLARES-1%C2%B0-MEDIO-2025.pdf","document","LISTA-DE-UTILES-ESCOLARES-1°-MEDIO-2025.pdf","pdf","/matriculas-2025/","unknown","89 KB","","alta","Conservar URL pública o configurar redirección 301 exacta."
"https://www.colegioconquistadores.com/wp-content/uploads/2024/12/LISTA-DE-UTILES-ESCOLARES-2%C2%B0-MEDIO-2025.pdf","document","LISTA-DE-UTILES-ESCOLARES-2°-MEDIO-2025.pdf","pdf","/matriculas-2025/","unknown","89 KB","","alta","Conservar URL pública o configurar redirección 301 exacta."
"https://www.colegioconquistadores.com/wp-content/uploads/2024/12/LISTA-DE-UTILES-ESCOLARES-5%C2%B0-BASICO-2025.pdf","document","LISTA-DE-UTILES-ESCOLARES-5°-BASICO-2025.pdf","pdf","/matriculas-2025/","unknown","90 KB","","alta","Conservar URL pública o configurar redirección 301 exacta."
"https://www.colegioconquistadores.com/wp-content/uploads/2024/12/LISTA-DE-UTILES-ESCOLARES-6%C2%B0-BASICO-2025.pdf","document","LISTA-DE-UTILES-ESCOLARES-6°-BASICO-2025.pdf","pdf","/matriculas-2025/","unknown","89 KB","","alta","Conservar URL pública o configurar redirección 301 exacta."
"https://www.colegioconquistadores.com/wp-content/uploads/2024/12/LISTA-DE-UTILES-ESCOLARES-7%C2%B0-BASICO-2025.pdf","document","LISTA-DE-UTILES-ESCOLARES-7°-BASICO-2025.pdf","pdf","/matriculas-2025/","unknown","89 KB","","alta","Conservar URL pública o configurar redirección 301 exacta."
"https://www.colegioconquistadores.com/wp-content/uploads/2024/12/LISTA-DE-UTILES-ESCOLARES-8%C2%B0-BASICO-2025.pdf","document","LISTA-DE-UTILES-ESCOLARES-8°-BASICO-2025.pdf","pdf","/matriculas-2025/","unknown","89 KB","","alta","Conservar URL pública o configurar redirección 301 exacta."
"https://www.colegioconquistadores.com/wp-content/uploads/2025/03/Horario-1%C2%B0-Basico-Colegio-Conquistadores-2025.pdf","document","Horario-1°-Basico-Colegio-Conquistadores-2025.pdf","pdf","/horarios-2025/","unknown","116 KB","","alta","Conservar URL pública o configurar redirección 301 exacta."
"https://www.colegioconquistadores.com/wp-content/uploads/2025/03/Horario-1%C2%B0-Medio-Colegio-Conquistadores-2025.pdf","document","Horario-1°-Medio-Colegio-Conquistadores-2025.pdf","pdf","/horarios-2025/","unknown","117 KB","","alta","Conservar URL pública o configurar redirección 301 exacta."
"https://www.colegioconquistadores.com/wp-content/uploads/2025/03/Horario-2%C2%B0-Basico-Colegio-Conquistadores-2025.pdf","document","Horario-2°-Basico-Colegio-Conquistadores-2025.pdf","pdf","/horarios-2025/","unknown","115 KB","","alta","Conservar URL pública o configurar redirección 301 exacta."
"https://www.colegioconquistadores.com/wp-content/uploads/2025/03/Horario-2%C2%B0-Medio-Colegio-Conquistadores-2025.pdf","document","Horario-2°-Medio-Colegio-Conquistadores-2025.pdf","pdf","/horarios-2025/","unknown","116 KB","","alta","Conservar URL pública o configurar redirección 301 exacta."
"https://www.colegioconquistadores.com/wp-content/uploads/2025/03/Horario-3%C2%B0-Basico-Colegio-Conquistadores-2025.pdf","document","Horario-3°-Basico-Colegio-Conquistadores-2025.pdf","pdf","/horarios-2025/","unknown","116 KB","","alta","Conservar URL pública o configurar redirección 301 exacta."
"https://www.colegioconquistadores.com/wp-content/uploads/2025/03/Horario-4%C2%B0-Basico-Colegio-Conquistadores-2025.pdf","document","Horario-4°-Basico-Colegio-Conquistadores-2025.pdf","pdf","/horarios-2025/","unknown","116 KB","","alta","Conservar URL pública o configurar redirección 301 exacta."
"https://www.colegioconquistadores.com/wp-content/uploads/2025/03/Horario-5%C2%B0-Basico-Colegio-Conquistadores-2025.pdf","document","Horario-5°-Basico-Colegio-Conquistadores-2025.pdf","pdf","/horarios-2025/","unknown","114 KB","","alta","Conservar URL pública o configurar redirección 301 exacta."
"https://www.colegioconquistadores.com/wp-content/uploads/2025/03/Horario-6%C2%B0-Basico-Colegio-Conquistadores-2025.pdf","document","Horario-6°-Basico-Colegio-Conquistadores-2025.pdf","pdf","/horarios-2025/","unknown","115 KB","","alta","Conservar URL pública o configurar redirección 301 exacta."
"https://www.colegioconquistadores.com/wp-content/uploads/2025/03/Horario-7%C2%B0-Basico-Colegio-Conquistadores-2025.pdf","document","Horario-7°-Basico-Colegio-Conquistadores-2025.pdf","pdf","/horarios-2025/","unknown","116 KB","","alta","Conservar URL pública o configurar redirección 301 exacta."
"https://www.colegioconquistadores.com/wp-content/uploads/2025/03/Horario-8%C2%B0-Basico-Colegio-Conquistadores-2025.pdf","document","Horario-8°-Basico-Colegio-Conquistadores-2025.pdf","pdf","/horarios-2025/","unknown","116 KB","","alta","Conservar URL pública o configurar redirección 301 exacta."
"https://www.colegioconquistadores.com/wp-content/uploads/2025/03/javiera-toro-modified-150x150.png","image","javiera-toro-modified-150x150.png","png","/personal/","150x150","33 KB","","media","Falta texto alternativo. Variante derivada; consolidar original y tamaños responsivos."
"https://www.colegioconquistadores.com/wp-content/uploads/2025/03/javiera-toro-modified-300x300.png","image","javiera-toro-modified-300x300.png","png","/personal/","300x300","103 KB","","media","Falta texto alternativo. Variante derivada; consolidar original y tamaños responsivos."
"https://www.colegioconquistadores.com/wp-content/uploads/2025/03/javiera-toro-modified.png","image","javiera-toro-modified.png","png","/personal/","374x374","51 KB","","media","Falta texto alternativo."
"https://www.colegioconquistadores.com/wp-content/uploads/2025/03/Mariana-Paradela-modified-150x150.png","image","Mariana-Paradela-modified-150x150.png","png","/personal/","150x150","33 KB","","media","Falta texto alternativo. Variante derivada; consolidar original y tamaños responsivos."
"https://www.colegioconquistadores.com/wp-content/uploads/2025/03/Mariana-Paradela-modified-300x300.png","image","Mariana-Paradela-modified-300x300.png","png","/personal/","300x300","99 KB","","media","Falta texto alternativo. Variante derivada; consolidar original y tamaños responsivos."
"https://www.colegioconquistadores.com/wp-content/uploads/2025/03/Mariana-Paradela-modified.png","image","Mariana-Paradela-modified.png","png","/personal/","391x391","46 KB","","media","Falta texto alternativo."
"https://www.colegioconquistadores.com/wp-content/uploads/2025/05/REGLAMENTO-DE-EVALUACION-CONQUISTADORES-2025-2026.pdf","document","REGLAMENTO-DE-EVALUACION-CONQUISTADORES-2025-2026.pdf","pdf","/matriculas-2025/","unknown","325 KB","","alta","Conservar URL pública o configurar redirección 301 exacta."
"https://www.colegioconquistadores.com/wp-content/uploads/2025/09/Screenshot-2025-10-05-175345-1024x576.png","image","Screenshot-2025-10-05-175345-1024x576.png","png","/2025/09/29/gala-raiz-folclorica-2025/; /author/administrador/; /category/actividades-2024/; /category/uncategorized/","1024x576","721 KB","","media","Falta texto alternativo. Nombre poco descriptivo; renombrar solo con redirección. Pesado (>500 KB). Candidato a WebP/AVIF. Variante derivada; consolidar original y tamaños responsivos."
"https://www.colegioconquistadores.com/wp-content/uploads/2025/09/Screenshot-2025-10-05-175345-1536x864.png","image","Screenshot-2025-10-05-175345-1536x864.png","png","/author/administrador/; /category/actividades-2024/; /category/uncategorized/","1536x864","1.3 MB","","media","Falta texto alternativo. Nombre poco descriptivo; renombrar solo con redirección. Muy pesado (>1 MB). Candidato a WebP/AVIF. Variante derivada; consolidar original y tamaños responsivos."
"https://www.colegioconquistadores.com/wp-content/uploads/2025/09/Screenshot-2025-10-05-175345-300x169.png","image","Screenshot-2025-10-05-175345-300x169.png","png","/author/administrador/; /category/actividades-2024/; /category/uncategorized/","300x169","91 KB","","media","Falta texto alternativo. Nombre poco descriptivo; renombrar solo con redirección. Variante derivada; consolidar original y tamaños responsivos."
"https://www.colegioconquistadores.com/wp-content/uploads/2025/09/Screenshot-2025-10-05-175345-768x432.png","image","Screenshot-2025-10-05-175345-768x432.png","png","/author/administrador/; /category/actividades-2024/; /category/uncategorized/","768x432","448 KB","","media","Falta texto alternativo. Nombre poco descriptivo; renombrar solo con redirección. Candidato a WebP/AVIF. Variante derivada; consolidar original y tamaños responsivos."
"https://www.colegioconquistadores.com/wp-content/uploads/2025/09/Screenshot-2025-10-05-175345.png","image","Screenshot-2025-10-05-175345.png","png","plantilla global (52 URLs)","1919x1079","646 KB","Gala Raíz Folclórica 2025","alta","Nombre poco descriptivo; renombrar solo con redirección. Pesado (>500 KB). Candidato a WebP/AVIF. Reutilizado globalmente."
"https://www.colegioconquistadores.com/wp-content/uploads/2025/10/WhatsApp-Image-2025-05-23-at-2.54.11-PM-1-1024x771.jpeg","image","WhatsApp-Image-2025-05-23-at-2.54.11-PM-1-1024x771.jpeg","jpeg","/2025/05/19/dia-de-la-familia-2025/; /author/administrador/; /category/actividades-2024/; /category/uncategorized/","1024x771","137 KB","","media","Falta texto alternativo. Nombre poco descriptivo; renombrar solo con redirección. Variante derivada; consolidar original y tamaños responsivos."
"https://www.colegioconquistadores.com/wp-content/uploads/2025/10/WhatsApp-Image-2025-05-23-at-2.54.11-PM-1-1536x1156.jpeg","image","WhatsApp-Image-2025-05-23-at-2.54.11-PM-1-1536x1156.jpeg","jpeg","/author/administrador/; /category/actividades-2024/; /category/uncategorized/","1536x1156","264 KB","","media","Falta texto alternativo. Nombre poco descriptivo; renombrar solo con redirección. Candidato a WebP/AVIF. Variante derivada; consolidar original y tamaños responsivos."
"https://www.colegioconquistadores.com/wp-content/uploads/2025/10/WhatsApp-Image-2025-05-23-at-2.54.11-PM-1-300x226.jpeg","image","WhatsApp-Image-2025-05-23-at-2.54.11-PM-1-300x226.jpeg","jpeg","/author/administrador/; /category/actividades-2024/; /category/uncategorized/","300x226","15 KB","","media","Falta texto alternativo. Nombre poco descriptivo; renombrar solo con redirección. Variante derivada; consolidar original y tamaños responsivos."
"https://www.colegioconquistadores.com/wp-content/uploads/2025/10/WhatsApp-Image-2025-05-23-at-2.54.11-PM-1-768x578.jpeg","image","WhatsApp-Image-2025-05-23-at-2.54.11-PM-1-768x578.jpeg","jpeg","/author/administrador/; /category/actividades-2024/; /category/uncategorized/","768x578","82 KB","","media","Falta texto alternativo. Nombre poco descriptivo; renombrar solo con redirección. Variante derivada; consolidar original y tamaños responsivos."
"https://www.colegioconquistadores.com/wp-content/uploads/2025/10/WhatsApp-Image-2025-05-23-at-2.54.11-PM-1.jpeg","image","WhatsApp-Image-2025-05-23-at-2.54.11-PM-1.jpeg","jpeg","plantilla global (52 URLs)","1600x1204","244 KB","Día de la Familia 2025","alta","Nombre poco descriptivo; renombrar solo con redirección. Candidato a WebP/AVIF. Reutilizado globalmente."
"https://www.colegioconquistadores.com/wp-content/uploads/2025/10/WhatsApp-Image-2025-10-06-at-7.51.27-AM-1024x768.jpeg","image","WhatsApp-Image-2025-10-06-at-7.51.27-AM-1024x768.jpeg","jpeg","/2025/10/06/colegio-conquistadores-lleva-su-innovacion-a-la-world-robot-olympiad-chile/; /author/administrador/; /category/actividades-2024/; /category/uncategorized/","1024x768","169 KB","","media","Falta texto alternativo. Nombre poco descriptivo; renombrar solo con redirección. Variante derivada; consolidar original y tamaños responsivos."
"https://www.colegioconquistadores.com/wp-content/uploads/2025/10/WhatsApp-Image-2025-10-06-at-7.51.27-AM-300x225.jpeg","image","WhatsApp-Image-2025-10-06-at-7.51.27-AM-300x225.jpeg","jpeg","/author/administrador/; /category/actividades-2024/; /category/uncategorized/","300x225","24 KB","","media","Falta texto alternativo. Nombre poco descriptivo; renombrar solo con redirección. Variante derivada; consolidar original y tamaños responsivos."
"https://www.colegioconquistadores.com/wp-content/uploads/2025/10/WhatsApp-Image-2025-10-06-at-7.51.27-AM-768x576.jpeg","image","WhatsApp-Image-2025-10-06-at-7.51.27-AM-768x576.jpeg","jpeg","/author/administrador/; /category/actividades-2024/; /category/uncategorized/","768x576","108 KB","","media","Falta texto alternativo. Nombre poco descriptivo; renombrar solo con redirección. Variante derivada; consolidar original y tamaños responsivos."
"https://www.colegioconquistadores.com/wp-content/uploads/2025/10/WhatsApp-Image-2025-10-06-at-7.51.27-AM.jpeg","image","WhatsApp-Image-2025-10-06-at-7.51.27-AM.jpeg","jpeg","plantilla global (52 URLs)","1280x960","210 KB","Colegio Conquistadores lleva su innovación a la World Robot Olympiad Chile","alta","Nombre poco descriptivo; renombrar solo con redirección. Candidato a WebP/AVIF. Reutilizado globalmente."
"https://www.colegioconquistadores.com/wp-content/uploads/2025/10/WhatsApp-Image-2025-10-06-at-7.51.58-AM-1024x576.jpeg","image","WhatsApp-Image-2025-10-06-at-7.51.58-AM-1024x576.jpeg","jpeg","/2025/10/06/colegio-conquistadores-lleva-su-innovacion-a-la-world-robot-olympiad-chile/","1024x576","131 KB","","media","Falta texto alternativo. Nombre poco descriptivo; renombrar solo con redirección. Variante derivada; consolidar original y tamaños responsivos."
"https://www.colegioconquistadores.com/wp-content/uploads/2025/10/WhatsApp-Image-2025-10-06-at-7.51.58-AM-300x169.jpeg","image","WhatsApp-Image-2025-10-06-at-7.51.58-AM-300x169.jpeg","jpeg","/2025/10/06/colegio-conquistadores-lleva-su-innovacion-a-la-world-robot-olympiad-chile/","300x169","18 KB","","media","Falta texto alternativo. Nombre poco descriptivo; renombrar solo con redirección. Variante derivada; consolidar original y tamaños responsivos."
"https://www.colegioconquistadores.com/wp-content/uploads/2025/10/WhatsApp-Image-2025-10-06-at-7.51.58-AM-768x432.jpeg","image","WhatsApp-Image-2025-10-06-at-7.51.58-AM-768x432.jpeg","jpeg","/2025/10/06/colegio-conquistadores-lleva-su-innovacion-a-la-world-robot-olympiad-chile/","768x432","83 KB","","media","Falta texto alternativo. Nombre poco descriptivo; renombrar solo con redirección. Variante derivada; consolidar original y tamaños responsivos."
"https://www.colegioconquistadores.com/wp-content/uploads/2025/10/WhatsApp-Image-2025-10-06-at-7.51.58-AM.jpeg","image","WhatsApp-Image-2025-10-06-at-7.51.58-AM.jpeg","jpeg","/2025/10/06/colegio-conquistadores-lleva-su-innovacion-a-la-world-robot-olympiad-chile/","1280x720","164 KB","","media","Falta texto alternativo. Nombre poco descriptivo; renombrar solo con redirección."
"https://www.colegioconquistadores.com/wp-content/uploads/2025/12/LISTA-DE-UTILES-ESCOLARES-1%C2%B0-BASICO-2026.pdf","document","LISTA-DE-UTILES-ESCOLARES-1°-BASICO-2026.pdf","pdf","/matriculas-2026/","unknown","206 KB","","alta","Conservar URL pública o configurar redirección 301 exacta."
"https://www.colegioconquistadores.com/wp-content/uploads/2025/12/LISTA-DE-UTILES-ESCOLARES-1%C2%B0-MEDIO-2026.pdf","document","LISTA-DE-UTILES-ESCOLARES-1°-MEDIO-2026.pdf","pdf","/matriculas-2026/","unknown","155 KB","","alta","Conservar URL pública o configurar redirección 301 exacta."
"https://www.colegioconquistadores.com/wp-content/uploads/2025/12/LISTA-DE-UTILES-ESCOLARES-2%C2%B0-BASICO-2026.pdf","document","LISTA-DE-UTILES-ESCOLARES-2°-BASICO-2026.pdf","pdf","/matriculas-2026/","unknown","188 KB","","alta","Conservar URL pública o configurar redirección 301 exacta."
"https://www.colegioconquistadores.com/wp-content/uploads/2025/12/LISTA-DE-UTILES-ESCOLARES-2%C2%B0-MEDIO-2026.pdf","document","LISTA-DE-UTILES-ESCOLARES-2°-MEDIO-2026.pdf","pdf","/matriculas-2026/","unknown","154 KB","","alta","Conservar URL pública o configurar redirección 301 exacta."
"https://www.colegioconquistadores.com/wp-content/uploads/2025/12/LISTA-DE-UTILES-ESCOLARES-3%C2%B0-BASICO-2026.pdf","document","LISTA-DE-UTILES-ESCOLARES-3°-BASICO-2026.pdf","pdf","/matriculas-2026/","unknown","195 KB","","alta","Conservar URL pública o configurar redirección 301 exacta."
"https://www.colegioconquistadores.com/wp-content/uploads/2025/12/LISTA-DE-UTILES-ESCOLARES-3%C2%B0-MEDIO-2026.pdf","document","LISTA-DE-UTILES-ESCOLARES-3°-MEDIO-2026.pdf","pdf","/matriculas-2026/","unknown","159 KB","","alta","Conservar URL pública o configurar redirección 301 exacta."
"https://www.colegioconquistadores.com/wp-content/uploads/2025/12/LISTA-DE-UTILES-ESCOLARES-4%C2%B0-BASICO-2026.pdf","document","LISTA-DE-UTILES-ESCOLARES-4°-BASICO-2026.pdf","pdf","/matriculas-2026/","unknown","195 KB","","alta","Conservar URL pública o configurar redirección 301 exacta."
"https://www.colegioconquistadores.com/wp-content/uploads/2025/12/LISTA-DE-UTILES-ESCOLARES-5%C2%B0-BASICO-2026.pdf","document","LISTA-DE-UTILES-ESCOLARES-5°-BASICO-2026.pdf","pdf","/matriculas-2026/","unknown","156 KB","","alta","Conservar URL pública o configurar redirección 301 exacta."
"https://www.colegioconquistadores.com/wp-content/uploads/2025/12/LISTA-DE-UTILES-ESCOLARES-6%C2%B0-BASICO-2026.pdf","document","LISTA-DE-UTILES-ESCOLARES-6°-BASICO-2026.pdf","pdf","/matriculas-2026/","unknown","156 KB","","alta","Conservar URL pública o configurar redirección 301 exacta."
"https://www.colegioconquistadores.com/wp-content/uploads/2025/12/LISTA-DE-UTILES-ESCOLARES-7%C2%B0-BASICO-2026.pdf","document","LISTA-DE-UTILES-ESCOLARES-7°-BASICO-2026.pdf","pdf","/matriculas-2026/","unknown","158 KB","","alta","Conservar URL pública o configurar redirección 301 exacta."
"https://www.colegioconquistadores.com/wp-content/uploads/2025/12/LISTA-DE-UTILES-ESCOLARES-8%C2%B0-BASICO-2026.pdf","document","LISTA-DE-UTILES-ESCOLARES-8°-BASICO-2026.pdf","pdf","/matriculas-2026/","unknown","186 KB","","alta","Conservar URL pública o configurar redirección 301 exacta."
"https://www.colegioconquistadores.com/wp-content/uploads/2025/12/Plan-de-lecturas-complementarias-1%C2%B0.pdf","document","Plan-de-lecturas-complementarias-1°.pdf","pdf","/matriculas-2026/; /plan-lector-2026/","unknown","287 KB","","alta","Conservar URL pública o configurar redirección 301 exacta."
"https://www.colegioconquistadores.com/wp-content/uploads/2025/12/Plan-de-lecturas-complementarias-2%C2%B0.pdf","document","Plan-de-lecturas-complementarias-2°.pdf","pdf","/matriculas-2026/; /plan-lector-2026/","unknown","282 KB","","alta","Conservar URL pública o configurar redirección 301 exacta."
"https://www.colegioconquistadores.com/wp-content/uploads/2025/12/Plan-de-lecturas-complementarias-3%C2%B0.pdf","document","Plan-de-lecturas-complementarias-3°.pdf","pdf","/matriculas-2026/; /plan-lector-2026/","unknown","307 KB","","alta","Conservar URL pública o configurar redirección 301 exacta."
"https://www.colegioconquistadores.com/wp-content/uploads/2025/12/Plan-de-lecturas-complementarias-4%C2%B0.pdf","document","Plan-de-lecturas-complementarias-4°.pdf","pdf","/matriculas-2026/; /plan-lector-2026/","unknown","364 KB","","alta","Conservar URL pública o configurar redirección 301 exacta."
"https://www.colegioconquistadores.com/wp-content/uploads/2025/12/Plan-de-lecturas-domiciliarias-1%C2%B0-medio.pdf","document","Plan-de-lecturas-domiciliarias-1°-medio.pdf","pdf","/matriculas-2026/; /plan-lector-2026/","unknown","276 KB","","alta","Conservar URL pública o configurar redirección 301 exacta."
"https://www.colegioconquistadores.com/wp-content/uploads/2025/12/Plan-de-lecturas-domiciliarias-2%C2%B0-medio.pdf","document","Plan-de-lecturas-domiciliarias-2°-medio.pdf","pdf","/matriculas-2026/; /plan-lector-2026/","unknown","286 KB","","alta","Conservar URL pública o configurar redirección 301 exacta."
"https://www.colegioconquistadores.com/wp-content/uploads/2025/12/Plan-de-lecturas-domiciliarias-3%C2%B0-medio.pdf","document","Plan-de-lecturas-domiciliarias-3°-medio.pdf","pdf","/matriculas-2026/; /plan-lector-2026/","unknown","229 KB","","alta","Conservar URL pública o configurar redirección 301 exacta."
"https://www.colegioconquistadores.com/wp-content/uploads/2025/12/Plan-de-lecturas-domiciliarias-5%C2%B0.pdf","document","Plan-de-lecturas-domiciliarias-5°.pdf","pdf","/matriculas-2026/; /plan-lector-2026/","unknown","264 KB","","alta","Conservar URL pública o configurar redirección 301 exacta."
"https://www.colegioconquistadores.com/wp-content/uploads/2025/12/Plan-de-lecturas-domiciliarias-6%C2%B0.pdf","document","Plan-de-lecturas-domiciliarias-6°.pdf","pdf","/matriculas-2026/; /plan-lector-2026/","unknown","256 KB","","alta","Conservar URL pública o configurar redirección 301 exacta."
"https://www.colegioconquistadores.com/wp-content/uploads/2025/12/Plan-de-lecturas-domiciliarias-7%C2%B0.pdf","document","Plan-de-lecturas-domiciliarias-7°.pdf","pdf","/matriculas-2026/; /plan-lector-2026/","unknown","309 KB","","alta","Conservar URL pública o configurar redirección 301 exacta."
"https://www.colegioconquistadores.com/wp-content/uploads/2025/12/Plan-de-lecturas-domiciliarias-8%C2%B0.pdf","document","Plan-de-lecturas-domiciliarias-8°.pdf","pdf","/matriculas-2026/; /plan-lector-2026/","unknown","299 KB","","alta","Conservar URL pública o configurar redirección 301 exacta."
"https://www.colegioconquistadores.com/wp-content/uploads/2025/12/REGLAMENTO-DE-EVALUACION-CONQUISTADORES-2026-2027.pdf","document","REGLAMENTO-DE-EVALUACION-CONQUISTADORES-2026-2027.pdf","pdf","/matriculas-2026/","unknown","365 KB","","alta","Conservar URL pública o configurar redirección 301 exacta."
"https://www.colegioconquistadores.com/wp-content/uploads/2026/03/1%C2%B0-basico-Calendarios-de-evaluacion-1er-semestre-2026.pdf","document","1°-basico-Calendarios-de-evaluacion-1er-semestre-2026.pdf","pdf","/calendario-de-evaluaciones-2026/","unknown","328 KB","","alta","Conservar URL pública o configurar redirección 301 exacta."
"https://www.colegioconquistadores.com/wp-content/uploads/2026/03/1%C2%B0-Medio-Calendarios-de-evaluacion-1er-semestre-2026.pdf","document","1°-Medio-Calendarios-de-evaluacion-1er-semestre-2026.pdf","pdf","/calendario-de-evaluaciones-2026/","unknown","328 KB","","alta","Conservar URL pública o configurar redirección 301 exacta."
"https://www.colegioconquistadores.com/wp-content/uploads/2026/03/2%C2%B0-basico-Calendarios-de-evaluacion-1er-semestre-2026.pdf","document","2°-basico-Calendarios-de-evaluacion-1er-semestre-2026.pdf","pdf","/calendario-de-evaluaciones-2026/","unknown","330 KB","","alta","Conservar URL pública o configurar redirección 301 exacta."
"https://www.colegioconquistadores.com/wp-content/uploads/2026/03/2%C2%B0-Medio-Calendarios-de-evaluacion-1er-semestre-2026.pdf","document","2°-Medio-Calendarios-de-evaluacion-1er-semestre-2026.pdf","pdf","/calendario-de-evaluaciones-2026/","unknown","335 KB","","alta","Conservar URL pública o configurar redirección 301 exacta."
"https://www.colegioconquistadores.com/wp-content/uploads/2026/03/3%C2%B0-basico-Calendarios-de-evaluacion-1er-semestre-2026.pdf","document","3°-basico-Calendarios-de-evaluacion-1er-semestre-2026.pdf","pdf","/calendario-de-evaluaciones-2026/","unknown","334 KB","","alta","Conservar URL pública o configurar redirección 301 exacta."
"https://www.colegioconquistadores.com/wp-content/uploads/2026/03/3%C2%B0-Medio-Calendarios-de-evaluacion-1er-semestre-2026.pdf","document","3°-Medio-Calendarios-de-evaluacion-1er-semestre-2026.pdf","pdf","/calendario-de-evaluaciones-2026/","unknown","333 KB","","alta","Conservar URL pública o configurar redirección 301 exacta."
"https://www.colegioconquistadores.com/wp-content/uploads/2026/03/4%C2%B0-basico-Calendarios-de-evaluacion-1er-semestre-2026.pdf","document","4°-basico-Calendarios-de-evaluacion-1er-semestre-2026.pdf","pdf","/calendario-de-evaluaciones-2026/","unknown","328 KB","","alta","Conservar URL pública o configurar redirección 301 exacta."
"https://www.colegioconquistadores.com/wp-content/uploads/2026/03/5%C2%B0-basico-Calendarios-de-evaluacion-1er-semestre-2026.pdf","document","5°-basico-Calendarios-de-evaluacion-1er-semestre-2026.pdf","pdf","/calendario-de-evaluaciones-2026/","unknown","329 KB","","alta","Conservar URL pública o configurar redirección 301 exacta."
"https://www.colegioconquistadores.com/wp-content/uploads/2026/03/6%C2%B0-basico-Calendarios-de-evaluacion-1er-semestre-2026.pdf","document","6°-basico-Calendarios-de-evaluacion-1er-semestre-2026.pdf","pdf","/calendario-de-evaluaciones-2026/","unknown","328 KB","","alta","Conservar URL pública o configurar redirección 301 exacta."
"https://www.colegioconquistadores.com/wp-content/uploads/2026/03/7%C2%B0-basico-Calendarios-de-evaluacion-1er-semestre-2026.pdf","document","7°-basico-Calendarios-de-evaluacion-1er-semestre-2026.pdf","pdf","/calendario-de-evaluaciones-2026/","unknown","327 KB","","alta","Conservar URL pública o configurar redirección 301 exacta."
"https://www.colegioconquistadores.com/wp-content/uploads/2026/03/8%C2%B0-basico-Calendarios-de-evaluacion-1er-semestre-2026.pdf","document","8°-basico-Calendarios-de-evaluacion-1er-semestre-2026.pdf","pdf","/calendario-de-evaluaciones-2026/","unknown","328 KB","","alta","Conservar URL pública o configurar redirección 301 exacta."
"https://www.colegioconquistadores.com/wp-content/uploads/2026/03/PEI-COLEGIO-CONQUISTADORES-2026.pdf","document","PEI-COLEGIO-CONQUISTADORES-2026.pdf","pdf","/matriculas-2026/","unknown","768 KB","","alta","Conservar URL pública o configurar redirección 301 exacta. Pesado (>500 KB)."
"https://www.colegioconquistadores.com/wp-content/uploads/2026/05/RICE-CC.pdf","document","RICE-CC.pdf","pdf","/reglamento-interno-de-convivencia-escolar/","unknown","695 KB","","alta","Conservar URL pública o configurar redirección 301 exacta. Pesado (>500 KB)."
"https://www.colegioconquistadores.com/wp-content/uploads/slider12/IMG_20230414_121016.jpeg","image","IMG_20230414_121016.jpeg","jpeg","/2023/04/14/acto-natalicio-de-gabriela-mistral/; /actividades/","4000x1800","1.8 MB","Acto natalicio de Gabriela Mistral","media","Muy pesado (>1 MB). Candidato a WebP/AVIF."
"https://www.colegioconquistadores.com/wp-content/uploads/slider13/IMG-20230419-WA0017.jpeg","image","IMG-20230419-WA0017.jpeg","jpeg","/2023/04/19/vacuna-influenza/; /actividades/","4080x2296","2.4 MB","Vacuna Influenza","media","Muy pesado (>1 MB). Candidato a WebP/AVIF."
"https://www.colegioconquistadores.com/wp-content/uploads/slider15/20230428_121634.jpeg","image","20230428_121634.jpeg","jpeg","/2023/04/24/semana-del-dia-del-libro/; /actividades/","4000x1848","1.6 MB","Semana del Día del Libro","media","Muy pesado (>1 MB). Candidato a WebP/AVIF."
"https://www.colegioconquistadores.com/wp-content/uploads/slider18/IMG_20230503_172049.jpeg","image","IMG_20230503_172049.jpeg","jpeg","/2023/05/03/taller-para-padres-y-apoderados/; /actividades/","4000x1800","2.2 MB","Taller para Padres Y Apoderados","media","Muy pesado (>1 MB). Candidato a WebP/AVIF."
"https://www.colegioconquistadores.com/wp-content/uploads/slider19/Dia_alumno_conquistadores_2023_20.jpeg","image","Dia_alumno_conquistadores_2023_20.jpeg","jpeg","/2023/05/10/dia-del-alumno/; /actividades/","1600x900","238 KB","Día del Alumno","media","Candidato a WebP/AVIF."
"https://www.colegioconquistadores.com/wp-content/uploads/slider20/salida_acuario_conquistadores_9.jpeg","image","salida_acuario_conquistadores_9.jpeg","jpeg","/2023/05/15/mes-del-mar/; /actividades/","1200x1600","169 KB","Mes del Mar","media",""
"https://www.colegioconquistadores.com/wp-content/uploads/slider21/7.jpeg","image","7.jpeg","jpeg","/2023/05/22/salida-a-navegar/; /actividades/","889x889","73 KB","Salida a Navegar","media",""
"https://www.colegioconquistadores.com/wp-content/uploads/slider22/6to_10.jpeg","image","6to_10.jpeg","jpeg","/2023/05/24/visita-al-centro-cultural-palace/; /actividades/","1600x1204","122 KB","Visita al Centro Cultural Palace","media",""
"https://www.colegioconquistadores.com/wp-content/uploads/slider23/1talento_1.jpeg","image","1talento_1.jpeg","jpeg","/2023/06/09/talento-conquistadores/; /actividades/","1600x1200","201 KB","Talento conquistadores","media","Candidato a WebP/AVIF."
"https://www.colegioconquistadores.com/wp-content/uploads/slider24/canino_en_accion_9.png","image","canino_en_accion_9.png","png","/2023/06/27/dia-canino-de-accion-y-aprendizaje-con-carabineros-en-nuestra-escuela/; /actividades/","1022x739","947 KB","Día Canino de Acción y Aprendizaje con Carabineros en Nuestra Escuela","media","Pesado (>500 KB). Candidato a WebP/AVIF."
"https://www.colegioconquistadores.com/wp-content/uploads/slider25/dia_nacional_bombero_1.png","image","dia_nacional_bombero_1.png","png","/2023/06/30/dia-nacional-del-bombero/; /actividades/","1600x1204","1.5 MB","Día nacional del bombero","media","Muy pesado (>1 MB). Candidato a WebP/AVIF."
"https://www.colegioconquistadores.com/wp-content/uploads/slider26/jardin_jap_7.png","image","jardin_jap_7.png","png","/2023/06/25/jardin-japones-de-serena/; /actividades/","1599x722","1.5 MB","Jardín Japonés de Serena","media","Muy pesado (>1 MB). Candidato a WebP/AVIF."
"https://www.colegioconquistadores.com/wp-content/uploads/slider27/despedida-del-primer-semestre-7.png","image","despedida-del-primer-semestre-7.png","png","/2023/07/01/despedida-del-primer-semestre/; /actividades/","1600x739","1.3 MB","Despedida del primer semestre","media","Muy pesado (>1 MB). Candidato a WebP/AVIF."
"https://www.colegioconquistadores.com/wp-content/uploads/slider28/2-taller-para-padres-y-apoderados_2.png","image","2-taller-para-padres-y-apoderados_2.png","png","/2023/08/02/segundo-taller-para-padres-y-apoderados/; /actividades/","1600x1204","1.2 MB","Segundo Taller para Padres y Apoderados","media","Muy pesado (>1 MB). Candidato a WebP/AVIF."
"https://www.colegioconquistadores.com/wp-content/uploads/slider29/visitaalaCruzdeltercermilenio_9.jpeg","image","visitaalaCruzdeltercermilenio_9.jpeg","jpeg","/2023/08/09/visita-a-la-cruz-del-tercer-milenio/; /actividades/","1200x1600","155 KB","Visita a la Cruz del Tercer Milenio","media",""
"https://www.colegioconquistadores.com/wp-content/uploads/slider30/torneodeatletismo_8.jpeg","image","torneodeatletismo_8.jpeg","jpeg","/2023/08/11/torneo-de-atletismo/; /actividades/","1052x1402","230 KB","Torneo de Atletismo","media","Candidato a WebP/AVIF."
"https://www.colegioconquistadores.com/wp-content/uploads/slider31/UnaAventuraInolvidableVisitaaLaSerenaZoo_3.jpeg","image","UnaAventuraInolvidableVisitaaLaSerenaZoo_3.jpeg","jpeg","/2023/08/18/visita-a-la-serena-zoo/; /actividades/","960x1280","347 KB","Visita a La Serena Zoo","media","Candidato a WebP/AVIF."
"https://www.colegioconquistadores.com/wp-content/uploads/slider32/Dia-de-la-ninez-2.png","image","Dia-de-la-ninez-2.png","png","/2023/08/19/dia-de-la-ninez/; /actividades/","1600x1042","1.9 MB","Día de la niñez","media","Muy pesado (>1 MB). Candidato a WebP/AVIF."
"https://www.colegioconquistadores.com/wp-content/uploads/slider33/natalicio-Bernardo-Ohiggins-2.png","image","natalicio-Bernardo-Ohiggins-2.png","png","/2023/08/22/dia-de-la-ninez-2/; /actividades/","1296x1599","1.4 MB","Natalicio Bernardo O&#8217;Higgins","media","Muy pesado (>1 MB). Candidato a WebP/AVIF."
"https://www.colegioconquistadores.com/wp-content/uploads/slider34/obradeteatro_Unmundodediferencias4.jpeg","image","obradeteatro_Unmundodediferencias4.jpeg","jpeg","/2023/09/13/obra-de-teatro-un-mundo-de-diferencias/; /actividades/","1600x1200","236 KB","Obra de teatro “Un mundo de diferencias”","media","Candidato a WebP/AVIF."
"https://www.colegioconquistadores.com/wp-content/uploads/slider35/Encuentro-de-dos-mundos-9.jpeg","image","Encuentro-de-dos-mundos-9.jpeg","jpeg","/2023/10/11/acto-mes-de-octubre-encuentro-de-dos-mundos/; /actividades/","1200x1600","174 KB","Acto mes de octubre «Encuentro de dos mundos»","media",""
"https://www.colegioconquistadores.com/wp-content/uploads/slider38/teleton13.jpeg","image","teleton13.jpeg","jpeg","/2023/10/16/visita-a-recinto-teleton/; /actividades/; /category/actividades2023/","791x591","79 KB","Visita a recinto Teletón","media",""
"https://www.colegioconquistadores.com/wp-content/uploads/slider39/4999e7d6-9ab6-45ba-bf7c-ae60e11682f9.jpeg","image","4999e7d6-9ab6-45ba-bf7c-ae60e11682f9.jpeg","jpeg","/2023/11/10/actividad-higiene-bucal/; /actividades/; /category/actividades2023/","1600x1200","307 KB","Actividad higiene bucal","media","Nombre poco descriptivo; renombrar solo con redirección. Candidato a WebP/AVIF."
"https://www.colegioconquistadores.com/wp-content/uploads/slider40/55673a9f-5d89-42e7-a1fe-a693768f5d2c.jpeg","image","55673a9f-5d89-42e7-a1fe-a693768f5d2c.jpeg","jpeg","/2023/11/19/visita-al-jardin-japones-la-serena/; /actividades/; /category/actividades2023/","1024x768","185 KB","Visita al Jardín Japones La Serena","media","Nombre poco descriptivo; renombrar solo con redirección."
"https://www.colegioconquistadores.com/wp-content/uploads/slider41/d189c0dc-65c3-4e6d-85a3-0ada465a127f.jpeg","image","d189c0dc-65c3-4e6d-85a3-0ada465a127f.jpeg","jpeg","/2023/11/17/visita-cementerio-ingles-de-guayacan/; /actividades/; /category/actividades2023/","1600x900","252 KB","Visita Cementerio Inglés de Guayacán","media","Nombre poco descriptivo; renombrar solo con redirección. Candidato a WebP/AVIF."
"https://www.colegioconquistadores.com/wp-content/uploads/slider42/51c045d7-1efa-4e99-bab6-377e5fa62711.jpeg","image","51c045d7-1efa-4e99-bab6-377e5fa62711.jpeg","jpeg","/2023/11/14/acto-mes-de-noviembre-derechos-de-los-ninos-y-ninas/; /actividades/; /category/actividades2023/","4080x2296","536 KB","Acto mes de noviembre «Derechos de los niños y niñas»","media","Nombre poco descriptivo; renombrar solo con redirección. Pesado (>500 KB). Candidato a WebP/AVIF."
"https://www.colegioconquistadores.com/wp-content/uploads/slider43/ExpoBigBang-20denoviembre-2-1024x576.jpeg","image","ExpoBigBang-20denoviembre-2-1024x576.jpeg","jpeg","/2023/11/20/expo-big-bang/; /category/actividades2023/","1024x576","133 KB","","media","Falta texto alternativo. Variante derivada; consolidar original y tamaños responsivos."
"https://www.colegioconquistadores.com/wp-content/uploads/slider43/ExpoBigBang-20denoviembre-2-1536x864.jpeg","image","ExpoBigBang-20denoviembre-2-1536x864.jpeg","jpeg","/category/actividades2023/","1536x864","251 KB","","media","Falta texto alternativo. Candidato a WebP/AVIF. Variante derivada; consolidar original y tamaños responsivos."
"https://www.colegioconquistadores.com/wp-content/uploads/slider43/ExpoBigBang-20denoviembre-2-300x169.jpeg","image","ExpoBigBang-20denoviembre-2-300x169.jpeg","jpeg","/category/actividades2023/","300x169","17 KB","","media","Falta texto alternativo. Variante derivada; consolidar original y tamaños responsivos."
"https://www.colegioconquistadores.com/wp-content/uploads/slider43/ExpoBigBang-20denoviembre-2-768x432.jpeg","image","ExpoBigBang-20denoviembre-2-768x432.jpeg","jpeg","/category/actividades2023/","768x432","83 KB","","media","Falta texto alternativo. Variante derivada; consolidar original y tamaños responsivos."
"https://www.colegioconquistadores.com/wp-content/uploads/slider43/ExpoBigBang-20denoviembre-2.jpeg","image","ExpoBigBang-20denoviembre-2.jpeg","jpeg","/2023/11/20/expo-big-bang/; /actividades/; /category/actividades2023/","1600x900","235 KB","Expo Big Bang","media","Candidato a WebP/AVIF."
"https://www.colegioconquistadores.com/wp-content/uploads/slider44/Dadelamsica22denoviembre-8-1024x499.jpeg","image","Dadelamsica22denoviembre-8-1024x499.jpeg","jpeg","/2023/11/22/dia-de-la-musica/; /category/actividades2023/","1024x499","103 KB","","media","Falta texto alternativo. Variante derivada; consolidar original y tamaños responsivos."
"https://www.colegioconquistadores.com/wp-content/uploads/slider44/Dadelamsica22denoviembre-8-300x146.jpeg","image","Dadelamsica22denoviembre-8-300x146.jpeg","jpeg","/category/actividades2023/","300x146","14 KB","","media","Falta texto alternativo. Variante derivada; consolidar original y tamaños responsivos."
"https://www.colegioconquistadores.com/wp-content/uploads/slider44/Dadelamsica22denoviembre-8-768x374.jpeg","image","Dadelamsica22denoviembre-8-768x374.jpeg","jpeg","/category/actividades2023/","768x374","65 KB","","media","Falta texto alternativo. Variante derivada; consolidar original y tamaños responsivos."
"https://www.colegioconquistadores.com/wp-content/uploads/slider44/Dadelamsica22denoviembre-8.jpeg","image","Dadelamsica22denoviembre-8.jpeg","jpeg","/2023/11/22/dia-de-la-musica/; /actividades/; /category/actividades2023/","1477x720","157 KB","Dia de la Musica","media",""
"https://www.colegioconquistadores.com/wp-content/uploads/slider45/CentroculturalMohamedVI-23denoviembre-14-225x300.jpeg","image","CentroculturalMohamedVI-23denoviembre-14-225x300.jpeg","jpeg","/category/actividades2023/","225x300","16 KB","","media","Falta texto alternativo. Variante derivada; consolidar original y tamaños responsivos."
"https://www.colegioconquistadores.com/wp-content/uploads/slider45/CentroculturalMohamedVI-23denoviembre-14-768x1024.jpeg","image","CentroculturalMohamedVI-23denoviembre-14-768x1024.jpeg","jpeg","/2023/11/23/visita-centro-cultural-mohamed-vi/; /category/actividades2023/","768x1024","113 KB","","media","Falta texto alternativo. Variante derivada; consolidar original y tamaños responsivos."
"https://www.colegioconquistadores.com/wp-content/uploads/slider45/CentroculturalMohamedVI-23denoviembre-14.jpeg","image","CentroculturalMohamedVI-23denoviembre-14.jpeg","jpeg","/2023/11/23/visita-centro-cultural-mohamed-vi/; /actividades/; /category/actividades2023/","960x1280","138 KB","Visita centro cultural Mohamed VI","media",""
"https://www.colegioconquistadores.com/wp-content/uploads/slider46/MiprimeraexperienciaConquistadores-23denoviembre-7-1024x768.jpeg","image","MiprimeraexperienciaConquistadores-23denoviembre-7-1024x768.jpeg","jpeg","/2023/11/23/mi-primera-experiencia-conquistadores/; /category/actividades2023/","1024x768","140 KB","","media","Falta texto alternativo. Variante derivada; consolidar original y tamaños responsivos."
"https://www.colegioconquistadores.com/wp-content/uploads/slider46/MiprimeraexperienciaConquistadores-23denoviembre-7-1536x1152.jpeg","image","MiprimeraexperienciaConquistadores-23denoviembre-7-1536x1152.jpeg","jpeg","/category/actividades2023/","1536x1152","256 KB","","media","Falta texto alternativo. Candidato a WebP/AVIF. Variante derivada; consolidar original y tamaños responsivos."
"https://www.colegioconquistadores.com/wp-content/uploads/slider46/MiprimeraexperienciaConquistadores-23denoviembre-7-300x225.jpeg","image","MiprimeraexperienciaConquistadores-23denoviembre-7-300x225.jpeg","jpeg","/category/actividades2023/","300x225","20 KB","","media","Falta texto alternativo. Variante derivada; consolidar original y tamaños responsivos."
"https://www.colegioconquistadores.com/wp-content/uploads/slider46/MiprimeraexperienciaConquistadores-23denoviembre-7-768x576.jpeg","image","MiprimeraexperienciaConquistadores-23denoviembre-7-768x576.jpeg","jpeg","/category/actividades2023/","768x576","89 KB","","media","Falta texto alternativo. Variante derivada; consolidar original y tamaños responsivos."
"https://www.colegioconquistadores.com/wp-content/uploads/slider46/MiprimeraexperienciaConquistadores-23denoviembre-7.jpeg","image","MiprimeraexperienciaConquistadores-23denoviembre-7.jpeg","jpeg","/2023/11/23/mi-primera-experiencia-conquistadores/; /actividades/; /category/actividades2023/","1600x1200","243 KB","Mi primera experiencia Conquistadores","media","Candidato a WebP/AVIF."
"https://www.colegioconquistadores.com/wp-content/uploads/slider47/21ab396d-8c75-4f89-a608-618169d44b54-135x300.jpeg","image","21ab396d-8c75-4f89-a608-618169d44b54-135x300.jpeg","jpeg","/category/actividades2023/","135x300","10 KB","","media","Falta texto alternativo. Nombre poco descriptivo; renombrar solo con redirección. Variante derivada; consolidar original y tamaños responsivos."
"https://www.colegioconquistadores.com/wp-content/uploads/slider47/21ab396d-8c75-4f89-a608-618169d44b54-461x1024.jpeg","image","21ab396d-8c75-4f89-a608-618169d44b54-461x1024.jpeg","jpeg","/2023/12/15/cierre-de-aniversario-conquistadores/; /category/actividades2023/","461x1024","74 KB","","media","Falta texto alternativo. Nombre poco descriptivo; renombrar solo con redirección. Variante derivada; consolidar original y tamaños responsivos."
"https://www.colegioconquistadores.com/wp-content/uploads/slider47/21ab396d-8c75-4f89-a608-618169d44b54-691x1536.jpeg","image","21ab396d-8c75-4f89-a608-618169d44b54-691x1536.jpeg","jpeg","/category/actividades2023/","691x1536","134 KB","","media","Falta texto alternativo. Nombre poco descriptivo; renombrar solo con redirección. Variante derivada; consolidar original y tamaños responsivos."
"https://www.colegioconquistadores.com/wp-content/uploads/slider47/21ab396d-8c75-4f89-a608-618169d44b54.jpeg","image","21ab396d-8c75-4f89-a608-618169d44b54.jpeg","jpeg","/2023/12/15/cierre-de-aniversario-conquistadores/; /actividades/; /category/actividades2023/","720x1600","119 KB","Cierre de Aniversario Conquistadores","media","Nombre poco descriptivo; renombrar solo con redirección."
"https://www.colegioconquistadores.com/wp-content/uploads/slider48/WhatsAppImage2024-01-04at1506152-1024x759.jpeg","image","WhatsAppImage2024-01-04at1506152-1024x759.jpeg","jpeg","/2023/12/28/bienvenida-a-estudiantes-2024/","1024x759","131 KB","","media","Falta texto alternativo. Nombre poco descriptivo; renombrar solo con redirección. Variante derivada; consolidar original y tamaños responsivos."
"https://www.colegioconquistadores.com/wp-content/uploads/slider48/WhatsAppImage2024-01-04at1506152.jpeg","image","WhatsAppImage2024-01-04at1506152.jpeg","jpeg","/2023/12/28/bienvenida-a-estudiantes-2024/; /actividades/","1052x780","121 KB","Bienvenida a estudiantes 2024","media","Nombre poco descriptivo; renombrar solo con redirección."
"https://www.colegioconquistadores.com/wp-content/uploads/slider50/WhatsAppImage2024-04-24at1635201-1024x576.jpeg","image","WhatsAppImage2024-04-24at1635201-1024x576.jpeg","jpeg","/2024/04/23/dia-de-libro/","1024x576","105 KB","","media","Falta texto alternativo. Nombre poco descriptivo; renombrar solo con redirección. Variante derivada; consolidar original y tamaños responsivos."
"https://www.colegioconquistadores.com/wp-content/uploads/slider50/WhatsAppImage2024-04-24at1635201-scaled.jpeg","image","WhatsAppImage2024-04-24at1635201-scaled.jpeg","jpeg","/2024/04/23/dia-de-libro/; /actividades/","2560x1441","377 KB","Día del Libro","media","Nombre poco descriptivo; renombrar solo con redirección. Candidato a WebP/AVIF."
"https://www.colegioconquistadores.com/wp-content/uploads/slider54/WhatsAppImage2024-07-24at2020172-1024x768.jpeg","image","WhatsAppImage2024-07-24at2020172-1024x768.jpeg","jpeg","/2024/07/20/jornada-deportiva/; /author/administrador/; /category/actividades-2024/","1024x768","148 KB","","media","Falta texto alternativo. Nombre poco descriptivo; renombrar solo con redirección. Variante derivada; consolidar original y tamaños responsivos."
"https://www.colegioconquistadores.com/wp-content/uploads/slider54/WhatsAppImage2024-07-24at2020172-1536x1152.jpeg","image","WhatsAppImage2024-07-24at2020172-1536x1152.jpeg","jpeg","/author/administrador/; /category/actividades-2024/","1536x1152","275 KB","","media","Falta texto alternativo. Nombre poco descriptivo; renombrar solo con redirección. Candidato a WebP/AVIF. Variante derivada; consolidar original y tamaños responsivos."
"https://www.colegioconquistadores.com/wp-content/uploads/slider54/WhatsAppImage2024-07-24at2020172-300x225.jpeg","image","WhatsAppImage2024-07-24at2020172-300x225.jpeg","jpeg","/author/administrador/; /category/actividades-2024/","300x225","19 KB","","media","Falta texto alternativo. Nombre poco descriptivo; renombrar solo con redirección. Variante derivada; consolidar original y tamaños responsivos."
"https://www.colegioconquistadores.com/wp-content/uploads/slider54/WhatsAppImage2024-07-24at2020172-768x576.jpeg","image","WhatsAppImage2024-07-24at2020172-768x576.jpeg","jpeg","/author/administrador/; /category/actividades-2024/","768x576","94 KB","","media","Falta texto alternativo. Nombre poco descriptivo; renombrar solo con redirección. Variante derivada; consolidar original y tamaños responsivos."
"https://www.colegioconquistadores.com/wp-content/uploads/slider54/WhatsAppImage2024-07-24at2020172.jpeg","image","WhatsAppImage2024-07-24at2020172.jpeg","jpeg","/2024/07/20/jornada-deportiva/; /actividades/; /author/administrador/; /category/actividades-2024/","1600x1200","258 KB","Jornada Deportiva","media","Nombre poco descriptivo; renombrar solo con redirección. Candidato a WebP/AVIF."
"https://www.colegioconquistadores.com/wp-content/uploads/slider55/WhatsAppImage2024-07-24at2025173-1024x768.jpeg","image","WhatsAppImage2024-07-24at2025173-1024x768.jpeg","jpeg","/2024/07/22/encuentro-amistoso-de-voleibol/; /author/administrador/; /category/actividades-2024/","1024x768","208 KB","","media","Falta texto alternativo. Nombre poco descriptivo; renombrar solo con redirección. Candidato a WebP/AVIF. Variante derivada; consolidar original y tamaños responsivos."
"https://www.colegioconquistadores.com/wp-content/uploads/slider55/WhatsAppImage2024-07-24at2025173-1536x1152.jpeg","image","WhatsAppImage2024-07-24at2025173-1536x1152.jpeg","jpeg","/author/administrador/; /category/actividades-2024/","1536x1152","416 KB","","media","Falta texto alternativo. Nombre poco descriptivo; renombrar solo con redirección. Candidato a WebP/AVIF. Variante derivada; consolidar original y tamaños responsivos."
"https://www.colegioconquistadores.com/wp-content/uploads/slider55/WhatsAppImage2024-07-24at2025173-300x225.jpeg","image","WhatsAppImage2024-07-24at2025173-300x225.jpeg","jpeg","/author/administrador/; /category/actividades-2024/","300x225","21 KB","","media","Falta texto alternativo. Nombre poco descriptivo; renombrar solo con redirección. Variante derivada; consolidar original y tamaños responsivos."
"https://www.colegioconquistadores.com/wp-content/uploads/slider55/WhatsAppImage2024-07-24at2025173-768x576.jpeg","image","WhatsAppImage2024-07-24at2025173-768x576.jpeg","jpeg","/author/administrador/; /category/actividades-2024/","768x576","122 KB","","media","Falta texto alternativo. Nombre poco descriptivo; renombrar solo con redirección. Variante derivada; consolidar original y tamaños responsivos."
"https://www.colegioconquistadores.com/wp-content/uploads/slider55/WhatsAppImage2024-07-24at2025173.jpeg","image","WhatsAppImage2024-07-24at2025173.jpeg","jpeg","/2024/07/22/encuentro-amistoso-de-voleibol/; /actividades/; /author/administrador/; /category/actividades-2024/","1600x1200","410 KB","Encuentro Amistoso de Voleibol","media","Nombre poco descriptivo; renombrar solo con redirección. Candidato a WebP/AVIF."
"https://www.colegioconquistadores.com/wp-content/uploads/slider56/WhatsAppImage2024-07-26at183615-1024x771.jpeg","image","WhatsAppImage2024-07-26at183615-1024x771.jpeg","jpeg","/2024/07/23/acto-pueblos-originarios/; /author/administrador/; /category/actividades-2024/","1024x771","129 KB","","media","Falta texto alternativo. Nombre poco descriptivo; renombrar solo con redirección. Variante derivada; consolidar original y tamaños responsivos."
"https://www.colegioconquistadores.com/wp-content/uploads/slider56/WhatsAppImage2024-07-26at183615-1536x1156.jpeg","image","WhatsAppImage2024-07-26at183615-1536x1156.jpeg","jpeg","/author/administrador/; /category/actividades-2024/","1536x1156","240 KB","","media","Falta texto alternativo. Nombre poco descriptivo; renombrar solo con redirección. Candidato a WebP/AVIF. Variante derivada; consolidar original y tamaños responsivos."
"https://www.colegioconquistadores.com/wp-content/uploads/slider56/WhatsAppImage2024-07-26at183615-300x226.jpeg","image","WhatsAppImage2024-07-26at183615-300x226.jpeg","jpeg","/author/administrador/; /category/actividades-2024/","300x226","17 KB","","media","Falta texto alternativo. Nombre poco descriptivo; renombrar solo con redirección. Variante derivada; consolidar original y tamaños responsivos."
"https://www.colegioconquistadores.com/wp-content/uploads/slider56/WhatsAppImage2024-07-26at183615-768x578.jpeg","image","WhatsAppImage2024-07-26at183615-768x578.jpeg","jpeg","/author/administrador/; /category/actividades-2024/","768x578","81 KB","","media","Falta texto alternativo. Nombre poco descriptivo; renombrar solo con redirección. Variante derivada; consolidar original y tamaños responsivos."
"https://www.colegioconquistadores.com/wp-content/uploads/slider56/WhatsAppImage2024-07-26at183615.jpeg","image","WhatsAppImage2024-07-26at183615.jpeg","jpeg","plantilla global (50 URLs)","1600x1204","218 KB","Acto Pueblos Originarios","alta","Nombre poco descriptivo; renombrar solo con redirección. Candidato a WebP/AVIF. Reutilizado globalmente."
"https://drive.google.com/file/d/1Zi42VSevpYZr-5Wv-jSsfIEof734sTT9/view?usp=drive_link","external video","google-drive-presentation-1","","/2025/09/29/gala-raiz-folclorica-2025/","unknown","unknown","Presentación de la Gala Raíz Folclórica 2025","alta","Recurso externo en Google Drive; confirmar propiedad, permisos, duración y URL antes de migrar."
"https://drive.google.com/file/d/1RGHg8IL3Ht6tX40YgfMOzkMkpkldnrpe/view?usp=drive_link","external video","google-drive-presentation-2","","/2025/09/29/gala-raiz-folclorica-2025/","unknown","unknown","Presentación de la Gala Raíz Folclórica 2025","alta","Recurso externo en Google Drive; confirmar propiedad, permisos, duración y URL antes de migrar."
"https://drive.google.com/file/d/1Ol2LuMxbXXVvlr7LwDDcrgIeGB1QnIm5/view?usp=drive_link","external video","google-drive-presentation-3","","/2025/09/29/gala-raiz-folclorica-2025/","unknown","unknown","Presentación de la Gala Raíz Folclórica 2025","alta","Recurso externo en Google Drive; confirmar propiedad, permisos, duración y URL antes de migrar."
"https://drive.google.com/file/d/1tyeCSTvVJC1OzCSIac40lZm82pqPZ5R4/view?usp=drive_link","external video","google-drive-presentation-4","","/2025/09/29/gala-raiz-folclorica-2025/","unknown","unknown","Presentación de la Gala Raíz Folclórica 2025","alta","Recurso externo en Google Drive; confirmar propiedad, permisos, duración y URL antes de migrar."
"https://drive.google.com/file/d/1BdTn_zszajQNGj4xBJm2Bwf8gDUP89Uh/view?usp=drive_link","external video","google-drive-presentation-5","","/2025/09/29/gala-raiz-folclorica-2025/","unknown","unknown","Presentación de la Gala Raíz Folclórica 2025","alta","Recurso externo en Google Drive; confirmar propiedad, permisos, duración y URL antes de migrar."
"https://drive.google.com/file/d/1JhkmZjA92a81HWzcQhXTAqDt5PMCWazI/view?usp=drive_link","external video","google-drive-presentation-6","","/2025/09/29/gala-raiz-folclorica-2025/","unknown","unknown","Presentación de la Gala Raíz Folclórica 2025","alta","Recurso externo en Google Drive; confirmar propiedad, permisos, duración y URL antes de migrar."
"https://drive.google.com/file/d/11_aOUb_IVBjC91AGSgWu1ydNOpl0Qrnq/view?usp=drive_link","external video","google-drive-presentation-7","","/2025/09/29/gala-raiz-folclorica-2025/","unknown","unknown","Presentación de la Gala Raíz Folclórica 2025","alta","Recurso externo en Google Drive; confirmar propiedad, permisos, duración y URL antes de migrar."
"https://drive.google.com/file/d/18CZcB47oJWTt1ncpwuAx88naUeEsgnKB/view?usp=drive_link","external video","google-drive-presentation-8","","/2025/09/29/gala-raiz-folclorica-2025/","unknown","unknown","Presentación de la Gala Raíz Folclórica 2025","alta","Recurso externo en Google Drive; confirmar propiedad, permisos, duración y URL antes de migrar."
"https://drive.google.com/file/d/1WmyOPiOm2FTjgxZ2Wb1R-L5OiXF_dRDG/view?usp=drive_link","external video","google-drive-presentation-9","","/2025/09/29/gala-raiz-folclorica-2025/","unknown","unknown","Presentación de la Gala Raíz Folclórica 2025","alta","Recurso externo en Google Drive; confirmar propiedad, permisos, duración y URL antes de migrar."
"https://drive.google.com/file/d/1IacnEOGXHenlPRs117_Ijrb0d7Nt8Zf9/view?usp=drive_link","external video","google-drive-presentation-10","","/2025/09/29/gala-raiz-folclorica-2025/","unknown","unknown","Presentación de la Gala Raíz Folclórica 2025","alta","Recurso externo en Google Drive; confirmar propiedad, permisos, duración y URL antes de migrar."
"https://drive.google.com/file/d/1SwdnxsQeCMJP9D5MWo_JFVFE5bNNKWkw/view?usp=drive_link","external video","google-drive-presentation-11","","/2025/09/29/gala-raiz-folclorica-2025/","unknown","unknown","Presentación de la Gala Raíz Folclórica 2025","alta","Recurso externo en Google Drive; confirmar propiedad, permisos, duración y URL antes de migrar."
"https://www.youtube.com/embed/Ff5jlg1Ez98","external video","Ff5jlg1Ez98","","/","unknown","unknown","Un mundo de Diferencias","alta","Video embebido de YouTube; conservar id, título y consentimiento de cookies si corresponde."
"https://maps.google.com/maps?q=Las%20Azucenas%20690%2C%20Coquimbo&t=m&z=16&output=embed&iwloc=near","external map","Las Azucenas 690 Coquimbo","","/","unknown","unknown","Mapa de ubicación del colegio","media","Embed de Google Maps; valorar enlace estático o carga bajo consentimiento."
